NO,DATE,5cm_SM,10cm_SM,20cm_SM,40cm_SM,5cm_ST,10cm_ST,20cm_ST,40cm_ST,Number of nodes used to derive the daily mean of the sample area,Number of observations used to summarize the half hour data into the daily mean,T_mean,T_min,T_max,Po_mean,Po_min,Po_max,P_mean,P_min,P_max,Pa_mean,Pa_min,Pa_max,U_mean,U_min,U_max,Ff_mean,Ff_min,Ff_max,ff10_mean,ff10_min,ff10_max,ff3_mean,ff3_min,ff3_max,Tn_mean,Tn_min,Tn_max,Tx_mean,Tx_min,Tx_max,Td_mean,Td_min,Td_max,RRR_sum,value,cost,dry_risk
1,2020-08-07,0.1812155,0.2177312,0.1729453,0.1411282,22.08083,22.14167,21.88333,21.12833,10,48,23.1125,17.0,27.1,735.075,733.9,736.3,755.5,754.3,756.7,-0.225,-1.0,0.5,70.75,49.0,99.0,1.5,0,3,0.0,0.0,0.0,6.875,6.0,9.0,17.087500000000002,16.8,19.1,29.1375,28.7,29.4,16.9875,15.5,19.0,0.0,0.1729453,0.0770546999999999,1
2,2020-08-08,0.1814922,0.2177348,0.1724748,0.1407014,22.59417,22.26688,21.65604,20.80417,10,48,25.3125,18.4,30.8,730.525,729.2,732.7,750.7,749.3,753.1,-0.5625,-1.3,0.2,70.125,43.0,95.0,1.875,0,3,0.0,0.0,0.0,7.0,4.0,9.0,17.725,16.8,18.0,30.1875,28.7,31.6,18.875,16.8,21.2,0.0,0.1724748,0.0775251999999999,1
3,2020-08-09,0.1818115,0.2188987,0.1732135,0.1407901,23.30604,22.99479,22.19271,20.86979,10,48,24.2875,21.8,27.5,728.25,727.8,728.8,748.35,748.0,748.9,-0.1374999999999999,-0.6,0.4,84.375,68.0,97.0,2.375,1,4,0.0,0.0,0.0,9.166666666666666,8.0,10.0,22.0125,18.0,23.5,30.32857142857143,28.4,31.6,21.3875,21.1,22.4,1.2,0.1732135,0.0767865,1
4,2020-08-10,0.1812468,0.2186626,0.1731199,0.1408241,23.32667,22.96,22.18479,20.95187,10,48,25.475,21.4,29.2,729.2875,728.5,730.0,749.45,748.8,750.1,0.2125,-0.4,0.8,79.375,65.0,97.0,3.125,1,5,0.0,0.0,0.0,9.142857142857142,6.0,10.0,21.35,21.3,21.7,29.15714285714285,28.3,29.9,21.4125,20.7,22.2,1.6,0.1731199,0.0768800999999999,1
5,2020-08-11,0.1795212,0.2178842,0.1729726,0.1408246,22.77813,22.68104,22.14667,20.99042,10,48,24.8625,22.0,29.6,732.2625,730.2,734.5,752.4375,750.3,754.7,0.5625,-0.2,1.3,73.5,62.0,93.0,3.125,2,5,0.0,0.0,0.0,10.5,10.0,12.0,21.5375,21.3,21.6,30.0125,29.9,30.2,19.625,16.5,21.6,6.3,0.1729726,0.0770273999999999,1
6,2020-08-12,0.1782245,0.2168657,0.1722704,0.1404998,22.41604,22.29438,21.82125,20.85646,10,48,25.3375,23.1,29.0,736.8875,734.7,737.7,757.175,754.9,758.0,0.4,-0.5,1.4,67.625,43.0,96.0,2.875,2,4,0.0,0.0,0.0,9.5,8.0,12.0,22.2875,21.6,22.7,29.75,29.3,30.2,18.425,15.2,22.4,3.0,0.1722704,0.0777296,1
7,2020-08-13,0.1768596,0.215097,0.1714784,0.1402653,21.19417,21.38875,21.29396,20.67521,10,48,22.52857142857143,20.2,24.0,730.2428571428571,725.7,736.4,750.5142857142857,745.9,756.7,-1.04,-2.7,0.4,87.71428571428571,68.0,99.0,3.4285714285714284,2,5,0.0,0.0,0.0,10.142857142857142,6.0,14.0,20.933333333333334,20.2,22.6,27.0,24.7,29.3,20.27142857142857,16.7,23.2,58.0,0.1714784,0.0785215999999999,1
8,2020-08-14,0.1920446,0.2190329,0.1713878,0.1397381,21.70375,21.52188,21.03292,20.33854,10,48,24.1875,18.9,28.3,726.8875,725.6,730.0,747.0125,745.6,750.1,0.4875,-0.9,1.5,73.625,51.0,96.0,4.0,1,7,0.0,0.0,0.0,13.75,13.0,14.0,18.9,18.9,18.9,26.9125,24.7,28.3,18.775,17.2,21.8,11.0,0.1713878,0.0786121999999999,1
9,2020-08-15,0.1948559,0.2190757,0.1717324,0.1396215,21.67875,21.54667,21.06042,20.25604,10,48,22.8,18.5,27.9,732.5625,730.4,734.5,752.8875,750.7,754.9,0.5625,-0.1,1.7,75.0,51.0,99.0,2.375,0,4,0.0,0.0,0.0,8.833333333333334,8.0,9.0,18.125,18.1,18.3,28.375,28.3,28.5,17.625,16.3,18.3,0.0,0.1717324,0.0782675999999999,1
10,2020-08-16,0.1944061,0.2185825,0.1714027,0.1394258,21.68417,21.44563,20.92146,20.15187,10,48,24.4625,17.1,30.4,735.6375,734.8,736.9,755.9875,755.2,757.1,0.3,-0.1,0.9,72.125,45.0,99.0,1.125,0,3,0.0,0.0,0.0,4.857142857142857,2.0,6.0,17.025,16.9,17.9,29.5625,28.5,30.5,18.35,16.9,20.0,0.0,0.1714027,0.0785973,1
11,2020-08-17,0.193339,0.2211815,0.171646,0.1394072,21.76021,20.31104,21.16062,20.17687,10,48,23.7,22.3,25.9,735.925,733.9,737.4,756.2625,754.0,757.8,-0.375,-1.7,0.2,85.0,68.0,99.0,2.25,1,5,0.0,0.0,0.0,6.5,5.0,10.0,19.8375,16.9,20.8,28.360000000000003,25.5,30.5,20.9125,18.0,24.7,12.7,0.171646,0.078354,1
12,2020-08-18,0.1984961,0.225123,0.1720239,0.1394749,22.65083,20.03521,21.40292,20.23333,10,48,25.7625,20.2,29.9,734.525,733.3,735.3,754.7375,753.6,755.7,0.175,-0.6,1.1,80.75,53.0,99.0,3.25,1,6,0.0,0.0,0.0,11.166666666666666,8.0,12.0,21.9125,20.2,22.5,28.4625,26.4,29.9,21.8125,19.3,24.8,20.0,0.1720239,0.0779760999999999,1
13,2020-08-19,0.250375,0.2490385,0.1720912,0.1396891,20.55604,18.94542,21.06458,20.34104,10,48,18.7625,16.6,20.1,738.05,736.0,740.9,758.725,756.4,761.8,0.7,0.0,1.5,89.5,69.0,99.0,2.625,1,4,0.0,0.0,0.0,8.25,7.0,9.0,18.4375,16.6,19.1,25.7,21.5,29.9,16.875,12.0,19.6,65.5,0.1720912,0.0779087999999999,1
14,2020-08-20,0.2469525,0.2537063,0.1701941,0.1385721,18.21438,16.91333,19.3,19.66813,10,48,18.275,13.2,22.8,742.2875,741.6,743.1,763.2875,762.6,764.2,0.175,-1.0,0.8,63.25,43.0,88.0,2.5,2,3,0.0,0.0,0.0,7.75,6.0,8.0,13.2,13.0,14.4,22.25,21.5,23.0,10.675,8.2,12.8,0.0,0.1701941,0.0798059,1
15,2020-08-21,0.2391268,0.2522681,0.1691336,0.1372386,17.70604,16.25521,18.36271,18.85687,10,48,19.2375,13.1,25.0,741.65,740.7,742.6,762.525,761.5,763.6,-0.1875,-1.4,0.4,64.875,39.0,91.0,1.875,0,4,0.0,0.0,0.0,5.875,5.0,7.0,12.7375,12.7,13.0,24.3375,23.0,25.7,11.75,10.1,13.2,0.0,0.1691336,0.0808663999999999,1
16,2020-08-22,0.2318844,0.2490146,0.1685225,0.1373172,17.75167,16.595,17.98979,17.88,10,48,20.15,12.3,26.2,738.2625,736.0,740.5,759.0,756.6,761.3,-0.6,-1.6,0.0,74.125,45.0,99.0,1.0,0,3,0.0,0.0,0.0,6.5,2.0,8.0,12.2625,12.2,12.7,26.35,25.7,27.0,14.5625,12.2,17.2,0.0,0.1685225,0.0814775,1
17,2020-08-23,0.2276509,0.2458981,0.1691822,0.1401895,19.11583,18.88125,18.43042,16.35479,10,48,22.675,16.9,26.8,733.625,732.4,735.3,754.05,752.7,755.8,-0.4499999999999999,-1.2,0.4,71.125,46.0,99.0,2.25,1,4,0.0,0.0,0.0,6.0,3.0,9.0,15.675,12.2,16.8,27.075,27.0,27.2,16.65,13.9,18.7,0.0,0.1691822,0.0808177999999999,1
18,2020-08-24,0.2585326,0.2742262,0.1875555,0.1432553,19.32646,19.38958,19.05813,16.58417,10,48,20.0,18.7,22.8,729.55,727.7,731.8,749.95,748.1,752.0,-0.4,-1.4,0.8,93.375,70.0,99.0,1.75,1,3,0.0,0.0,0.0,7.0,5.0,8.0,18.55,16.9,19.6,27.2,27.2,27.2,18.7625,17.0,20.0,118.0,0.1875555,0.0624444999999999,1
19,2020-08-25,0.2809882,0.2999725,0.2246459,0.1494473,20.5725,20.11792,19.31729,16.67729,10,48,22.9125,18.6,27.7,732.3375,729.7,734.8,752.7875,750.2,755.1,0.7,0.1,1.2,84.875,66.0,99.0,2.125,1,3,0.0,0.0,0.0,5.375,4.0,6.0,18.2125,18.2,18.3,25.642857142857142,20.5,28.4,20.0125,18.4,20.9,6.1,0.2246459,0.0253540999999999,0
20,2020-08-26,0.274676,0.2951575,0.2313086,0.1542243,21.54479,21.11229,20.21708,17.0675,10,48,24.375,20.7,27.8,734.975,733.6,736.1,755.3125,753.8,756.4,-0.15,-1.4,0.5,76.875,52.0,100.0,1.875,1,3,0.0,0.0,0.0,5.333333333333333,4.0,6.0,19.914285714285715,18.6,20.4,28.514285714285712,28.4,28.6,19.65,17.1,20.9,0.0,0.2313086,0.0186913999999999,0
21,2020-08-27,0.3000695,0.3152297,0.2613905,0.1771982,21.08937,21.12375,20.67604,17.54625,10,48,22.0375,21.1,22.7,729.4,725.7,732.4,749.6625,745.9,752.6,-0.4875,-2.8,2.1,98.625,96.0,99.0,3.125,1,5,0.0,0.0,0.0,9.125,6.0,11.0,21.375,20.4,21.8,27.5,24.2,28.6,21.775,20.9,22.5,148.0,0.2613905,0.01,0
22,2020-08-28,0.2971003,0.3146922,0.2729346,0.2321763,21.14604,20.95479,20.43188,17.68583,10,48,22.125,20.5,24.5,732.675,730.6,734.9,753.0875,750.9,755.4,0.65,-0.3,1.2,94.25,86.0,99.0,2.25,1,3,0.0,0.0,0.0,7.375,6.0,11.0,20.9375,20.5,21.0,24.05,22.8,25.0,21.125,20.3,22.0,22.9,0.2729346,0.01,0
23,2020-08-29,0.2872292,0.3063738,0.2667526,0.2305593,20.1,20.43125,20.33417,17.72229,10,48,18.0,15.9,19.8,737.2875,735.1,738.7,758.05,755.6,759.7,0.475,-0.2,1.2,91.0,78.0,99.0,2.375,0,4,0.0,0.0,0.0,6.875,6.0,7.0,16.3125,15.7,19.1,23.6625,20.6,25.0,16.45,15.6,18.4,0.0,0.2667526,0.01,0
24,2020-08-30,0.2812363,0.3007374,0.2614552,0.226185,19.28125,19.39917,19.35104,17.33792,10,48,21.0125,15.3,25.2,739.2625,738.8,739.9,760.0,759.6,760.6,0.0374999999999999,-0.6,0.6,81.375,68.0,99.0,1.875,1,3,0.0,0.0,0.0,4.428571428571429,3.0,6.0,14.7125,14.6,15.5,23.95,20.6,26.3,17.5,15.1,19.0,0.0,0.2614552,0.01,0
25,2020-08-31,0.2781998,0.2979628,0.2583666,0.222398,20.66771,20.26479,19.60146,17.13104,10,48,24.75,20.2,28.7,736.5625,734.8,738.2,756.95,754.9,758.7,-0.525,-0.8,0.0,74.375,58.0,86.0,2.875,2,4,0.0,0.0,0.0,8.25,5.0,10.0,18.450000000000003,14.6,19.6,27.8625,26.3,29.1,19.7125,17.8,21.8,0.0,0.2583666,0.01,0
26,2020-09-01,0.2821349,0.2999566,0.257812,0.2203674,21.71667,21.38667,20.54792,17.42729,10,48,22.8,18.4,26.2,733.6,733.0,734.3,753.9125,753.4,754.8,-0.0625,-0.9,1.1,82.5,63.0,99.0,2.375,1,4,0.0,0.0,0.0,6.8,5.0,9.0,19.3,18.2,20.2,28.4375,27.3,29.1,19.425,16.6,21.5,73.6,0.257812,0.01,0
27,2020-09-02,0.2764395,0.2964089,0.2554397,0.218786,20.93417,20.89938,20.46854,17.655,10,48,22.425,20.6,25.6,735.1125,734.2,735.6,755.55,754.6,756.1,0.125,-0.3,0.7,76.75,58.0,96.0,1.875,1,3,0.0,0.0,0.0,6.571428571428571,6.0,8.0,18.225,18.2,18.4,26.8375,25.9,27.3,17.875,15.7,19.9,3.0,0.2554397,0.01,0
28,2020-09-03,0.3050376,0.3180544,0.2738901,0.2369174,18.53125,19.12562,19.46979,17.50562,10,48,17.15,14.8,19.6,726.5375,720.4,733.0,746.9875,740.8,753.4,-1.157142857142857,-5.7,3.3,95.875,88.0,99.0,5.0,2,7,0.0,0.0,0.0,12.125,5.0,18.0,17.0875,14.8,19.5,24.4625,21.5,25.9,16.4375,14.6,17.8,275.0,0.2738901,0.01,0
29,2020-09-04,0.3145088,0.3356469,0.2914575,0.2666014,16.34958,16.88854,17.53125,16.63396,10,48,17.075,14.3,19.6,730.5,727.3,733.4,751.3,748.1,754.2,1.1,0.1,2.4,84.25,68.0,99.0,5.0,3,8,0.0,0.0,0.0,16.714285714285715,15.0,18.0,14.0375,14.0,14.3,19.46,17.7,19.9,14.2375,13.5,15.0,138.0,0.2914575,0.01,0
30,2020-09-05,0.3023071,0.3286652,0.2863791,0.2612581,17.82104,17.6725,17.50875,16.08104,10,48,19.7875,17.6,23.8,735.75,733.7,737.3,756.425,754.4,758.0,0.475,-0.1,1.4,75.75,67.0,85.0,3.125,1,5,0.0,0.0,0.0,14.571428571428571,10.0,17.0,16.633333333333336,14.8,17.6,23.525,19.9,25.8,15.3375,14.0,17.8,18.1,0.2863791,0.01,0
31,2020-09-06,0.2915254,0.3213639,0.2815966,0.2553752,18.91417,18.61604,18.13979,16.11292,10,48,20.6875,16.4,26.5,737.8125,737.4,738.4,758.5,757.9,759.2,0.0625,-0.8,0.5,77.875,53.0,99.0,1.75,0,3,0.0,0.0,0.0,8.5,5.0,17.0,14.325,14.1,15.9,26.325,25.8,26.9,16.25,14.2,18.0,6.0,0.2815966,0.01,0
32,2020-09-07,0.2860305,0.3171424,0.2787853,0.2517353,18.72792,18.7325,18.4725,16.29438,10,48,19.6125,16.5,22.2,734.2875,729.4,737.5,754.8625,749.8,758.1,-1.0375,-1.9,-0.2,88.125,73.0,99.0,3.25,0,6,0.0,0.0,0.0,8.571428571428571,5.0,12.0,15.675,14.1,15.9,25.557142857142857,22.8,26.9,17.475,16.3,18.9,9.0,0.2787853,0.01,0
33,2020-09-08,0.3335376,0.3505821,0.2945783,0.2640237,17.30708,17.70187,17.96708,16.27479,10,48,16.025,15.6,16.4,727.4375,726.1,729.3,748.0375,746.5,750.1,-0.0125,-2.1,1.4,99.0,99.0,99.0,6.0,5,7,0.0,0.0,0.0,16.333333333333332,14.0,17.0,15.7125,15.6,15.9,22.8,22.8,22.8,15.825,15.4,16.2,254.0,0.2945783,0.01,0
34,2020-09-09,0.3284218,0.3478245,0.2959891,0.2693218,17.16979,17.29229,17.36042,15.91458,10,48,15.7,15.2,16.8,730.4875,729.5,730.9,751.3,750.3,751.8,0.1875,-0.1,0.7,99.0,99.0,99.0,4.125,2,5,0.0,0.0,0.0,10.2,9.0,11.0,15.175,15.1,15.5,16.2625,15.9,16.8,15.5,15.0,16.6,187.0,0.2959891,0.01,0
35,2020-09-10,0.3113662,0.3356556,0.2887322,0.2631751,17.60396,17.64479,17.48396,15.75688,10,48,16.9375,15.4,19.1,734.925,730.8,739.5,755.7875,751.6,760.5,1.0875,0.0,1.7,96.0,88.0,99.0,2.625,0,4,0.0,0.0,0.0,7.0,6.0,8.0,15.2375,15.1,15.3,17.887500000000003,16.8,19.1,16.25,15.2,17.4,36.3,0.2887322,0.01,0
36,2020-09-11,0.3001342,0.3279925,0.2843182,0.2581292,17.31,17.42292,17.39688,15.70875,10,48,18.15,14.5,22.1,743.325,740.5,745.3,764.325,761.5,766.3,0.725,-0.3,1.6,87.875,72.0,99.0,3.25,2,4,0.0,0.0,0.0,8.125,7.0,9.0,14.5625,14.5,15.0,21.5125,19.1,23.4,15.95,14.3,17.3,0.0,0.2843182,0.01,0
37,2020-09-12,0.2914733,0.3218884,0.2809326,0.2541294,16.85,17.07813,17.18396,15.61792,10,48,17.9875,14.5,21.1,745.6125,744.7,746.2,766.65,765.7,767.3,-0.075,-0.9,0.4,85.0,72.0,99.0,2.25,1,3,0.0,0.0,0.0,7.0,5.0,9.0,14.35,14.3,14.5,22.725,21.6,23.4,15.3375,14.3,16.4,0.0,0.2809326,0.01,0
38,2020-09-13,0.2889281,0.3180288,0.2787027,0.247208,17.27604,17.33667,17.1925,16.55292,10,48,17.25,12.5,21.9,742.875,740.8,744.4,763.8625,761.8,765.4,-0.4875,-1.4,0.2,81.5,59.0,99.0,1.75,0,3,0.0,0.0,0.0,5.875,5.0,7.0,14.025,12.4,14.3,21.875,21.6,22.2,13.6625,12.4,14.8,0.0,0.2787027,0.01,0
39,2020-09-14,0.2841378,0.314116,0.2767284,0.2427671,16.75708,16.95771,16.98812,17.10625,10,48,16.5,9.9,21.7,740.3875,739.7,741.0,761.425,760.7,762.1,0.0428571428571428,-0.7,0.7,81.625,54.0,100.0,1.125,0,2,0.0,0.0,0.0,5.0,3.0,6.0,9.9875,9.8,11.3,22.5,22.2,22.9,12.85,9.8,15.5,0.0,0.2767284,0.01,0
40,2020-09-15,0.2788165,0.3115867,0.2752654,0.2406798,17.62062,17.46958,17.15125,17.04542,10,48,19.1625,13.6,22.5,737.8,733.8,740.1,758.6125,754.3,761.0,-0.875,-1.7,0.0,75.5,58.0,99.0,2.125,1,3,0.0,0.0,0.0,4.857142857142857,2.0,7.0,12.44285714285714,9.8,13.5,22.95,22.9,23.0,14.4375,13.5,15.5,0.0,0.2752654,0.01,0
41,2020-09-16,0.2867296,0.3139611,0.2747784,0.2392246,17.04917,17.33792,17.33667,17.16833,10,48,18.225,16.1,22.1,730.225,729.2,732.4,750.775,749.8,752.9,-0.575,-1.5,0.5,66.25,39.0,97.0,3.625,2,5,0.0,0.0,0.0,11.428571428571429,8.0,14.0,15.85,13.5,16.5,22.7,22.3,23.0,11.1375,5.4,16.6,23.0,0.2747784,0.01,0
42,2020-09-17,0.2894536,0.3149297,0.2743255,0.2377038,14.43875,15.24,16.05458,16.85792,10,48,14.5375,13.6,16.1,730.7,729.1,732.5,751.5125,749.6,753.5,0.325,-0.7,0.8,70.625,62.0,87.0,3.875,2,6,0.0,0.0,0.0,14.166666666666666,11.0,15.0,12.9375,12.1,14.3,19.8,17.4,22.3,9.1625,6.5,11.6,13.0,0.2743255,0.01,0
43,2020-09-18,0.2992482,0.319883,0.2747788,0.2364824,14.32896,14.76042,15.22583,16.15292,10,48,13.875,10.9,16.3,733.7,732.0,735.7,754.7375,753.0,756.7,0.4875,0.2,0.9,82.25,70.0,92.0,3.375,2,4,0.0,0.0,0.0,9.875,9.0,12.0,10.9,10.8,11.6,17.299999999999997,17.2,17.4,10.8125,9.7,12.2,12.0,0.2747788,0.01,0
44,2020-09-19,0.2985905,0.3198335,0.2748129,0.2361286,14.27562,14.66896,15.03583,15.75604,10,48,12.775,10.2,14.2,738.1625,736.0,740.5,759.35,757.0,761.8,0.6,0.3,1.1,94.75,77.0,99.0,1.25,0,2,0.0,0.0,0.0,7.285714285714286,6.0,9.0,11.1,9.5,12.2,16.416666666666668,15.3,17.2,11.925,10.1,13.4,20.6,0.2748129,0.01,0
45,2020-09-20,0.2950787,0.3172022,0.2736636,0.2354918,13.78563,14.17083,14.59458,15.42667,10,48,12.475,9.0,15.5,742.1375,741.0,743.5,763.525,762.4,765.0,0.375,-0.3,0.8,87.875,68.0,99.0,1.625,0,3,0.0,0.0,0.0,5.5,3.0,7.0,9.45,9.0,9.6,16.15,15.3,16.7,10.35,8.9,11.9,0.4,0.2736636,0.01,0
46,2020-09-21,0.2903853,0.3141511,0.2723858,0.2345758,13.58625,13.93354,14.31792,15.11979,10,48,13.2125,9.9,16.8,743.6375,742.7,744.3,765.025,764.0,765.7,-0.0714285714285714,-0.8,0.8,84.25,59.0,99.0,1.25,1,2,0.0,0.0,0.0,4.25,2.0,7.0,7.7,7.7,7.7,17.05,16.7,17.6,10.35,8.7,11.5,0.0,0.2723858,0.01,0
47,2020-09-22,0.2863653,0.3114235,0.2713535,0.2335278,13.98104,14.14917,14.30396,14.9225,10,48,13.0625,10.0,14.5,742.9625,742.2,743.9,764.325,763.5,765.4,0.0875,-0.8,0.9,94.75,88.0,99.0,1.5,1,2,0.0,0.0,0.0,4.571428571428571,3.0,5.0,9.885714285714286,9.5,10.0,16.95714285714286,15.8,17.6,12.25,9.9,14.1,20.0,0.2713535,0.01,0
48,2020-09-23,0.2830811,0.3096269,0.2705981,0.232636,14.24896,14.46604,14.51833,14.87625,10,48,13.85,10.0,19.8,744.0,743.2,745.0,765.35,764.5,766.5,-0.0875,-1.1,0.7,84.375,49.0,99.0,1.0,0,2,0.0,0.0,0.0,3.875,3.0,5.0,9.7125,9.7,9.8,18.2875,15.8,20.5,10.7125,7.8,13.7,0.4,0.2705981,0.01,0
49,2020-09-24,0.2788575,0.3074081,0.2694937,0.2316453,14.29458,14.31125,14.31083,14.76562,10,48,15.425,8.9,20.3,742.4125,741.7,743.2,763.5625,762.7,764.5,-0.15,-1.0,0.3,84.5,67.0,99.0,1.375,0,3,0.0,0.0,0.0,4.5,3.0,5.0,8.8,8.8,8.8,20.5375,20.5,20.6,12.6125,8.8,14.7,0.0,0.2694937,0.01,0
50,2020-09-25,0.2754501,0.3063242,0.2691072,0.2309081,15.61521,15.43542,15.02938,14.88,10,48,16.15,12.0,22.0,742.4,741.7,743.2,763.525,762.7,764.3,0.15,-0.9,0.9,84.625,52.0,99.0,0.875,0,2,0.0,0.0,0.0,4.166666666666667,3.0,5.0,10.9875,8.8,11.3,21.5375,20.6,22.4,13.1375,11.7,15.4,0.0,0.2691072,0.01,0
51,2020-09-26,0.2703852,0.3039251,0.2682962,0.2303602,15.50875,15.47521,15.25458,15.11271,10,48,15.7375,9.9,22.5,743.55,742.9,744.4,764.725,764.1,765.7,0.0249999999999999,-1.0,0.7,79.125,39.0,99.0,0.875,0,2,0.0,0.0,0.0,3.7142857142857135,1.0,5.0,9.475,9.3,10.5,22.6625,22.4,23.0,11.15,7.9,15.8,0.0,0.2682962,0.01,0
52,2020-09-27,0.2653362,0.3014835,0.2673184,0.2296252,15.61083,15.52292,15.31229,15.22292,10,48,18.8875,13.6,24.3,741.625,740.1,743.0,762.5875,760.9,764.2,-0.35,-1.7,0.4,66.0,39.0,89.0,3.0,2,4,0.0,0.0,0.0,5.75,4.0,7.0,10.2,9.3,10.5,23.7875,23.0,24.6,11.7875,9.5,13.7,0.0,0.2673184,0.01,0
53,2020-09-28,0.2621092,0.2995846,0.2666506,0.2290335,15.68771,15.83938,15.69292,15.40771,10,48,15.0375,10.1,18.9,740.1125,738.8,740.8,761.1,759.8,762.1,0.0249999999999999,-1.1,1.8,84.875,50.0,99.0,2.875,1,4,0.0,0.0,0.0,8.375,7.0,10.0,13.5625,10.0,15.2,22.51666666666667,19.6,24.6,12.2,6.0,16.0,1.6,0.2666506,0.01,0
54,2020-09-29,0.2612968,0.2973189,0.2649631,0.2278757,12.83354,13.66333,14.48438,15.17979,10,48,10.133333333333333,4.8,15.1,740.4428571428572,739.7,741.1,761.9499999999999,761.5,762.6,-0.1333333333333333,-0.7,0.4,79.5,43.0,99.0,2.0,1,3,0.0,0.0,0.0,6.571428571428571,4.0,10.0,7.285714285714286,4.8,9.5,18.48333333333333,16.3,19.6,5.966666666666666,1.3,9.5,2.0,0.2649631,0.01,0
55,2020-09-30,0.2561628,0.2946315,0.2632401,0.2261478,11.70083,12.37021,13.21875,14.45833,10,48,9.4375,2.8,16.0,741.0,740.2,742.1,762.8000000000001,761.9,763.8,-0.0875,-1.0,0.6,70.75,34.0,100.0,1.5,0,3,0.0,0.0,0.0,5.166666666666667,2.0,6.0,5.45,2.5,7.4,16.4625,15.7,16.8,3.075,0.2,5.6,0.0,0.2632401,0.01,0
56,2020-10-01,0.2519045,0.29183,0.2617337,0.224684,10.75792,11.45458,12.38667,13.83708,10,48,10.0625,3.5,13.4,737.7125,735.7,739.9,759.2,756.9,761.4,-0.5875,-1.0,-0.3,79.125,64.0,100.0,2.0,1,3,0.0,0.0,0.0,4.666666666666667,3.0,6.0,3.316666666666667,3.2,3.7,15.725,13.6,16.8,6.3875,3.5,9.1,0.4,0.2617337,0.01,0
57,2020-10-02,0.2576514,0.2937595,0.2614888,0.2235601,12.13542,12.35583,12.56729,13.38979,10,48,12.9375,9.4,15.9,735.8625,734.4,738.7,757.0375,755.5,760.0,0.375,-1.1,1.3,65.875,41.0,93.0,4.125,2,7,0.0,0.0,0.0,10.5,7.0,13.0,10.7,9.4,11.2,15.4875,13.6,16.8,6.025,2.4,10.8,2.8,0.2614888,0.01,0
58,2020-10-03,0.2523228,0.2916606,0.2606364,0.222753,10.92708,11.47646,12.13646,13.20083,10,48,11.4375,6.6,16.9,738.1625,735.9,739.9,759.5125,757.0,761.3,-0.35,-1.7,0.5,55.5,32.0,78.0,3.125,1,5,0.0,0.0,0.0,10.571428571428571,8.0,12.0,6.4625,6.3,7.5,16.925,16.8,17.1,2.15,0.1,3.2,0.0,0.2606364,0.01,0
59,2020-10-04,0.258328,0.2908926,0.2596019,0.2217721,9.67771,10.54417,11.53188,12.87729,10,48,8.075,6.0,11.9,735.6125,734.7,737.2,757.025,756.1,758.8,0.1624999999999999,-0.8,1.4,81.625,58.0,99.0,4.25,3,6,0.0,0.0,0.0,12.0,9.0,13.0,5.85,5.7,6.3,15.900000000000002,13.4,17.1,4.8125,0.7,6.8,12.1,0.2596019,0.01,0
60,2020-10-05,0.2676643,0.2953782,0.259434,0.2206973,9.37042,9.96271,10.78833,12.29292,10,48,8.1125,2.7,13.0,741.225,738.1,743.8,762.9375,759.9,765.7,0.8250000000000001,0.0,1.6,75.5,46.0,98.0,3.25,0,5,0.0,0.0,0.0,10.428571428571429,9.0,12.0,5.5375,2.7,6.1,12.1125,10.1,13.5,3.4375,0.3,6.1,1.2,0.259434,0.01,0
61,2020-10-06,0.2624997,0.2940427,0.2590614,0.2199975,9.04125,9.67625,10.4475,11.85917,10,48,6.925,1.5,14.0,745.0,744.2,746.3,766.8875,766.0,768.2,0.3125,-0.9,1.2,70.375,29.0,100.0,2.0,1,4,0.0,0.0,0.0,8.625,5.0,12.0,0.9625,0.9,1.4,14.2,13.5,15.0,0.6124999999999999,-3.7,2.4,0.0,0.2590614,0.01,0
62,2020-10-07,0.2574029,0.2916853,0.2581728,0.2192408,8.31958,8.91313,9.79021,11.42917,10,48,7.8875,1.2,16.6,747.5500000000001,746.5,749.2,769.4625,768.4,771.1,0.3625,-0.9,1.7,73.625,42.0,98.0,0.75,0,2,0.0,0.0,0.0,3.8333333333333335,2.0,5.0,0.55,0.5,0.9,16.1,15.0,17.2,2.5625,0.9,4.6,0.0,0.2581728,0.01,0
63,2020-10-08,0.2543546,0.2906192,0.2577478,0.2186054,9.08625,9.30833,9.77729,11.11563,10,48,12.55,1.9,18.9,749.025,747.4,750.9,770.7375,768.7,772.9,-0.035416666666666596,-0.95,0.9,66.625,48.0,98.0,2.25,1,4,0.0,0.0,0.0,5.4,5.0,6.0,1.3333333333333333,0.5,1.6,18.2,17.2,19.2,6.0625,1.6,8.2,0.0,0.2577478,0.01,0
64,2020-10-09,0.2530943,0.2906604,0.25804,0.2184603,11.11542,10.96521,10.76687,11.24146,10,48,16.3875,13.0,20.5,744.95,743.3,746.8,766.1625,764.5,768.1,-0.45,-1.6,0.5,42.25,22.0,60.0,2.625,2,3,0.0,0.0,0.0,10.0,6.0,12.0,11.571428571428571,6.2,12.6,19.95,19.2,20.7,2.7875,-1.9,6.0,0.0,0.25804,0.01,0
65,2020-10-10,0.2512567,0.2903649,0.2582945,0.2185828,12.4,12.12583,11.67104,11.63229,10,48,16.525,13.6,20.9,741.7125,740.4,743.2,762.775,761.4,764.2,-0.4125,-0.9,0.2,61.625,31.0,78.0,3.25,2,5,0.0,0.0,0.0,9.833333333333334,8.0,11.0,12.725,12.6,13.0,20.9,20.7,21.1,8.6625,3.2,11.6,0.0,0.2582945,0.01,0
66,2020-10-11,0.2509373,0.2885617,0.2577374,0.2187113,10.26396,11.12896,11.71438,12.03979,10,48,9.3625,3.2,15.1,740.7875,739.0,742.9,762.1375,760.1,764.8,0.3125,-0.8,1.7,85.75,79.0,91.0,2.375,1,3,0.0,0.0,0.0,10.375,7.0,12.0,8.625,3.0,12.9,19.3,15.5,21.1,7.0875,-0.1,11.8,7.7,0.2577374,0.01,0
67,2020-10-12,0.2508188,0.2864268,0.2556303,0.2174596,6.87375,8.04667,9.555,11.415,10,48,5.8375,0.2,11.0,742.7625,741.7,743.8,764.7125,763.7,765.9,-0.1125,-1.4,0.6,49.875,25.0,82.0,2.125,1,4,0.0,0.0,0.0,8.125,4.0,11.0,-0.275,-0.5,1.3,12.27142857142857,9.4,15.1,-5.1,-8.3,-1.4,0.0,0.2556303,0.01,0
68,2020-10-13,0.2472837,0.2845898,0.2545153,0.2161561,5.76396,6.93583,8.42333,10.54646,10,48,5.75,0.2,9.7,743.2875,739.9,748.2,765.1375,761.5,770.3,0.775,-0.9,2.1,42.375,30.0,61.0,4.5,2,9,0.0,0.0,0.0,13.625,7.0,18.0,2.4000000000000004,-0.5,4.2,11.175,10.3,11.7,-6.45,-10.4,-1.1,0.0,0.2545153,0.01,0
69,2020-10-14,0.2443225,0.2828121,0.2532585,0.2149779,4.155,5.42875,7.14938,9.67229,10,48,1.85,-2.7,6.3,748.875,747.7,750.1,771.2625,769.9,772.6,-0.0625,-1.3,0.8,46.125,28.0,66.0,2.625,2,5,0.0,0.0,0.0,10.142857142857142,8.0,16.0,-2.9125,-3.2,-1.4,8.75,6.8,10.3,-9.225,-11.0,-6.6,0.0,0.2532585,0.01,0
70,2020-10-15,0.2419595,0.2820207,0.2524063,0.2139008,4.49896,5.25292,6.44333,8.85417,10,48,7.5,2.6,13.0,745.375,744.1,747.2,767.325,766.0,769.3,-0.425,-1.3,0.6,35.875,22.0,51.0,3.125,1,5,0.0,0.0,0.0,9.166666666666666,9.0,10.0,-1.3375,-3.2,2.2,10.6,6.8,13.4,-7.1125,-10.0,-4.2,0.0,0.2524063,0.01,0
71,2020-10-16,0.2417489,0.2818852,0.2522283,0.213279,5.17437,5.77896,6.64688,8.51083,10,48,7.2875,4.6,11.1,743.65,742.6,744.6,765.45,764.4,766.5,-0.2125,-1.1,1.4,42.5,26.0,63.0,3.25,2,6,0.0,0.0,0.0,9.125,8.0,10.0,2.7,2.2,2.9,12.8375,11.9,13.4,-5.2625,-7.9,-1.1,0.0,0.2522283,0.01,0
72,2020-10-17,0.2405953,0.2818729,0.2520893,0.2129095,6.20625,6.46479,6.91625,8.38688,10,48,10.675,6.7,16.7,741.1625,739.8,743.5,762.7,761.2,765.0,0.1124999999999999,-1.1,2.1,39.125,24.0,48.0,3.375,1,6,0.0,0.0,0.0,11.0,10.0,12.0,3.3,2.8,5.2,14.8,11.9,17.1,-3.125,-4.4,-0.7,0.0,0.2520893,0.01,0
73,2020-10-18,0.2384893,0.2804833,0.2518069,0.2127358,5.68875,6.39229,7.14458,8.46625,10,48,6.4375,-1.7,12.0,745.475,744.2,746.8,767.3625,765.8,768.7,0.1625,-1.0,1.6,44.875,22.0,87.0,1.875,1,3,0.0,0.0,0.0,7.125,5.0,10.0,-1.7375,-2.6,3.4,15.5,12.3,17.1,-6.0375,-9.1,-3.4,0.0,0.2518069,0.01,0
74,2020-10-19,0.2381363,0.2798661,0.251311,0.2123511,6.42292,6.65146,7.04604,8.34521,10,48,12.4125,6.7,18.3,744.1625,743.4,745.0,765.75,764.8,766.4,-0.15,-1.0,0.6,36.625,21.0,50.0,3.375,2,4,0.0,0.0,0.0,8.857142857142858,6.0,10.0,4.514285714285714,-2.6,6.1,15.75,12.3,18.6,-2.5,-4.4,2.9,0.0,0.251311,0.01,0
75,2020-10-20,0.2391338,0.2810405,0.2517836,0.2122968,8.715,8.34333,8.00167,8.525,10,48,14.875,10.1,19.9,742.95,739.6,745.4,764.2,760.6,766.9,-0.675,-1.9,0.3,55.125,37.0,75.0,3.5,2,5,0.0,0.0,0.0,11.0,11.0,11.0,8.925,6.4,9.6,19.2875,18.6,20.0,5.5125,4.4,6.9,0.0,0.2517836,0.01,0
76,2020-10-21,0.245782,0.2826712,0.2528059,0.2128311,9.24833,9.52062,9.37271,9.21396,10,48,9.15,2.2,15.1,738.525,737.2,740.1,759.8625,758.5,762.0,0.0625,-1.0,1.8,70.75,47.0,94.0,3.375,2,6,0.0,0.0,0.0,11.875,8.0,13.0,7.071428571428571,2.2,9.6,18.5875,15.3,20.0,3.6875,-4.3,8.4,55.6,0.2528059,0.01,0
77,2020-10-22,0.243563,0.2800932,0.2511163,0.2123289,5.22792,6.35938,7.65938,9.13521,10,48,1.6625,-3.7,6.5,741.7,740.3,742.9,763.825,762.2,765.3,0.3375,-0.4,1.0,57.75,37.0,83.0,2.125,1,3,0.0,0.0,0.0,7.625,6.0,9.0,-1.4,-3.7,0.4,10.6875,7.7,15.2,-6.275,-7.9,-4.4,0.0,0.2511163,0.01,0
78,2020-10-23,0.2380418,0.2778555,0.2496907,0.2110379,3.13958,4.35187,5.99938,8.30104,10,48,-0.575,-6.1,5.8,742.5,741.9,743.3,764.875,764.3,765.7,-0.0375,-0.9,0.7,62.875,28.0,91.0,2.0,0,5,0.0,0.0,0.0,8.125,3.0,11.0,-6.1,-6.3,-4.9,7.1125,6.2,7.7,-7.9125,-11.3,-4.7,0.0,0.2496907,0.01,0
79,2020-10-24,0.2369591,0.2772583,0.2488477,0.2097829,3.02875,3.83146,5.09604,7.42813,10,48,3.0375,-6.4,9.5,741.6375,740.6,743.2,763.8625,762.7,765.7,-0.2,-1.3,0.6,51.625,29.0,89.0,2.875,1,4,0.0,0.0,0.0,7.875,3.0,10.0,-6.457142857142857,-6.5,-6.3,8.125,6.2,9.9,-6.925,-7.9,-5.9,0.0,0.2488477,0.01,0
80,2020-10-25,0.2381566,0.2774524,0.2485957,0.2091492,3.63062,4.18854,5.06083,6.96604,10,48,5.862500000000001,-0.6,13.3,742.5375,740.9,744.1,764.4375,762.7,766.1,0.3999999999999999,-0.4,1.0,48.375,25.0,77.0,1.75,1,3,0.0,0.0,0.0,7.5,5.0,9.0,-0.35,-0.6,-0.3,11.8625,9.9,13.7,-5.0125,-6.7,-3.0,0.0,0.2485957,0.01,0
81,2020-10-26,0.2383875,0.2774479,0.2483915,0.2087386,4.22208,4.55667,5.18854,6.80708,10,48,7.625,-2.8,14.6,742.3375,740.6,744.1,764.1875,762.2,766.1,-0.3375,-1.6,0.8,61.25,25.0,97.0,1.875,0,4,0.0,0.0,0.0,6.666666666666667,3.0,10.0,-2.8285714285714287,-2.9,-2.4,14.65,13.7,15.6,-1.0125000000000002,-6.4,7.2,0.0,0.2483915,0.01,0
82,2020-10-27,0.2376524,0.2775218,0.2484932,0.2086343,4.52625,5.09292,5.68333,6.88292,10,48,4.7875,0.8,9.5,745.1625,743.5,746.3,767.075,765.1,768.4,0.6125,-0.5,2.1,45.625,25.0,71.0,2.875,1,5,0.0,0.0,0.0,8.714285714285714,7.0,11.0,0.125,-2.9,1.5,14.1,9.8,15.6,-6.8125,-11.0,-0.7,0.0,0.2484932,0.01,0
83,2020-10-28,0.231659,0.275346,0.2475803,0.2082198,2.70333,3.67417,4.90292,6.74104,10,48,1.125,-3.7,6.8,747.1125,746.3,748.0,769.4625,768.4,770.5,0.2125,-0.6,0.7,43.125,24.0,76.0,2.375,1,4,0.0,0.0,0.0,7.75,5.0,10.0,-2.3125,-3.8,-0.8,8.825000000000001,7.2,9.8,-10.9625,-13.3,-7.3,0.0,0.2475803,0.01,0
84,2020-10-29,0.2265351,0.273601,0.2466034,0.2074557,1.80917,2.75271,4.07146,6.23542,10,48,0.8500000000000001,-3.4,7.3,749.15,748.0,750.2,771.6625,770.4,772.7,0.275,-0.4,0.8,52.375,28.0,80.0,1.375,1,3,0.0,0.0,0.0,5.625,4.0,7.0,-4.8,-5.0,-4.2,7.371428571428572,7.2,7.5,-8.6375,-10.7,-5.9,0.0,0.2466034,0.01,0
85,2020-10-30,0.2245675,0.2729171,0.2459564,0.2067508,2.01604,2.61771,3.63125,5.735,10,48,4.55,-4.3,10.7,748.325,744.4,750.7,770.6375,766.3,773.4,-0.725,-1.7,0.4,50.0,28.0,90.0,2.125,1,3,0.0,0.0,0.0,5.0,3.0,6.0,-4.785714285714286,-5.0,-4.7,9.475,7.5,11.6,-6.375,-7.1,-5.4,0.0,0.2459564,0.01,0
86,2020-10-31,0.2314874,0.275184,0.246469,0.2064983,4.46729,4.43167,4.45771,5.63958,10,48,9.65,6.2,13.1,738.5875,736.0,743.2,760.125,757.5,764.9,-0.8,-2.4,1.5,49.5,35.0,74.0,4.375,2,9,0.0,0.0,0.0,15.625,7.0,21.0,5.666666666666667,3.5,6.1,12.6,11.6,13.2,-0.8125,-6.5,8.1,4.2,0.246469,0.01,0
87,2020-11-01,0.2303496,0.2749506,0.2466743,0.2066315,3.97854,4.49667,4.98542,5.98896,10,48,4.85,0.7,8.0,740.125,738.4,742.2,761.875,759.8,764.2,0.525,-0.4,1.3,44.125,34.0,57.0,4.125,3,6,0.0,0.0,0.0,12.5,9.0,16.0,2.95,0.6,6.1,12.0125,9.1,13.2,-6.5875,-8.3,-3.7,0.0,0.2466743,0.01,0
88,2020-11-02,0.2243486,0.2727398,0.2457561,0.2062945,1.87146,2.93958,4.18333,5.90437,10,48,0.625,-2.5,4.6,742.05,741.5,742.6,764.275,763.6,764.7,0.0124999999999999,-0.9,0.7,42.875,31.0,55.0,4.25,3,6,0.0,0.0,0.0,12.2,9.0,14.0,-1.3,-2.5,-0.1,6.95,4.8,9.1,-10.8625,-14.0,-9.0,0.0,0.2457561,0.01,0
89,2020-11-03,0.2054089,0.2673253,0.2444017,0.2054419,0.165,1.38625,2.95083,5.33104,10,48,-3.7,-6.9,0.0,743.225,742.6,743.8,765.875,765.1,766.4,0.1875,-0.8,0.6,43.5,30.0,62.0,3.125,2,5,0.0,0.0,0.0,11.285714285714286,9.0,14.0,-7.1875,-7.6,-5.0,3.225,0.0,4.8,-14.7875,-16.8,-12.6,0.0,0.2444017,0.01,0
90,2020-11-04,0.1797026,0.2525654,0.243289,0.2045011,-0.37229,0.66375,2.10125,4.63438,10,48,0.3625,-7.4,6.4,742.575,741.1,744.3,765.0875,763.3,767.1,-0.325,-1.8,0.4,35.0,18.0,54.0,2.75,1,5,0.0,0.0,0.0,9.25,7.0,11.0,-7.528571428571429,-7.6,-7.5,3.6875,0.0,6.8,-14.1125,-16.6,-8.4,0.0,0.243289,0.01,0
91,2020-11-05,0.1910807,0.2540757,0.2426835,0.2037995,0.14604,0.68646,1.79979,4.11354,10,48,6.9125,3.0,12.4,740.8125,739.3,741.9,762.675,760.9,763.7,-0.2375,-1.4,0.7,59.125,34.0,80.0,2.875,1,5,0.0,0.0,0.0,9.142857142857142,5.0,10.0,2.24,1.6,2.7,10.528571428571428,6.8,12.7,-1.0125,-3.8,4.0,0.0,0.2426835,0.01,0
92,2020-11-06,0.2178394,0.2683212,0.2434679,0.2035867,3.06896,2.73542,2.69083,4.0125,10,48,10.425,5.2,13.7,737.2,736.1,738.4,758.6,757.3,760.0,-0.225,-1.8,1.2,41.5,21.0,78.0,5.375,2,8,0.0,0.0,0.0,16.375,13.0,19.0,3.26,1.6,6.4,13.275,12.7,13.9,-3.3625,-10.7,6.6,0.0,0.2434679,0.01,0
93,2020-11-07,0.216708,0.2693447,0.2440524,0.2039404,2.48625,2.92146,3.42437,4.51,10,48,3.2625,-1.1,8.8,739.25,737.8,742.2,761.175,759.8,764.3,0.5857142857142856,-1.2,2.5,42.5,22.0,75.0,3.125,0,7,0.0,0.0,0.0,10.428571428571429,5.0,18.0,-2.8,-3.4,-0.5,12.3125,8.9,13.9,-9.175,-13.6,-1.8,0.0,0.2440524,0.01,0
94,2020-11-08,0.2114466,0.2674137,0.2436394,0.2039091,1.06062,2.02146,3.10396,4.61167,10,48,-1.55,-3.5,2.3,745.3375,743.6,746.5,767.8,765.8,769.3,0.425,-0.9,1.4,42.25,29.0,55.0,3.625,2,6,0.0,0.0,0.0,13.714285714285714,9.0,18.0,-4.0,-4.2,-3.4,7.0625,2.5,8.9,-13.0125,-14.6,-10.7,0.0,0.2436394,0.01,0
95,2020-11-09,0.1813271,0.2565846,0.2425872,0.2033124,-0.33646,0.83312,2.14375,4.22687,10,48,-4.8625,-9.7,-0.1,746.65,744.9,748.6,769.5,767.5,771.7,0.375,-0.6,1.1,49.5,27.0,69.0,2.125,1,3,0.0,0.0,0.0,7.833333333333333,5.0,10.0,-8.175,-9.9,-4.3,1.5875,0.1,2.5,-14.3875,-16.9,-12.4,0.0,0.2425872,0.01,0
96,2020-11-10,0.1602527,0.2295586,0.2412549,0.2026704,-0.70375,0.18979,1.47167,3.71438,10,48,0.9499999999999996,-9.4,6.5,747.8125,746.9,748.6,770.5,769.6,771.6,-0.1375,-1.1,0.3,45.75,36.0,72.0,2.75,1,5,0.0,0.0,0.0,8.166666666666666,4.0,11.0,-10.0,-10.0,-10.0,3.875,0.1,6.9,-9.875,-15.0,-5.1,0.0,0.2412549,0.01,0
97,2020-11-11,0.1883083,0.2429577,0.2407846,0.2021543,0.62438,0.56688,1.35771,3.34708,10,48,8.9375,3.8,14.5,746.55,744.7,748.1,768.4625,766.3,770.2,-0.35,-1.6,0.5,54.25,37.0,72.0,3.25,3,4,0.0,0.0,0.0,10.333333333333334,7.0,12.0,3.46,3.3,3.5,11.971428571428572,6.9,14.5,-0.2249999999999999,-3.8,2.5,0.0,0.2407846,0.01,0
98,2020-11-12,0.2152164,0.2658339,0.2422829,0.2021683,3.38083,2.98,2.63167,3.46667,10,48,9.1,2.8,13.5,744.6375,742.4,749.3,766.2875,763.9,771.3,0.575,-1.3,2.5,52.5,29.0,64.0,4.0,2,8,0.0,0.0,0.0,16.714285714285715,10.0,19.0,5.275,2.6,7.2,14.3875,14.2,14.5,-0.6125,-4.6,5.8,0.0,0.2422829,0.01,0
99,2020-11-13,0.2102254,0.2657128,0.2426893,0.2026486,1.82458,2.4575,3.05979,4.03208,10,48,2.0625,-4.2,8.1,751.8,750.6,753.1,774.2,772.7,775.6,0.225,-0.9,1.5,57.625,35.0,86.0,1.375,0,3,0.0,0.0,0.0,6.428571428571429,5.0,11.0,-4.3375,-4.9,-1.1,12.025,8.2,14.2,-6.0125,-6.8,-5.1,0.0,0.2426893,0.01,0
100,2020-11-14,0.2039476,0.2631138,0.24201,0.2028083,1.12479,1.74479,2.55354,4.00458,10,48,6.275,-1.5,12.6,747.9,745.1,750.7,770.0625,766.9,773.1,-0.75,-2.0,-0.2,39.0,17.0,70.0,2.75,2,4,0.0,0.0,0.0,7.0,5.0,11.0,-3.042857142857143,-4.9,-2.3,10.6375,8.2,13.0,-8.075,-11.8,-6.0,0.0,0.24201,0.01,0
101,2020-11-15,0.2092936,0.2639482,0.2420789,0.2027088,2.02771,2.36583,2.74396,3.90375,10,48,6.0875,0.2,10.8,746.375,743.9,750.8,768.275,765.7,773.0,0.7125,-0.7,2.4,61.875,35.0,75.0,3.625,1,7,0.0,0.0,0.0,11.666666666666666,11.0,12.0,2.75,-1.5,6.9,12.475,11.7,13.0,-1.05,-7.3,4.7,0.0,0.2420789,0.01,0
102,2020-11-16,0.2002274,0.2615162,0.241654,0.2025857,0.64208,1.41979,2.37187,3.89229,10,48,1.4625,-5.6,6.9,750.3375,746.5,752.8,772.85,768.7,775.6,-0.5375,-1.7,0.8,61.625,33.0,100.0,1.625,0,3,0.0,0.0,0.0,6.5,5.0,8.0,-5.6,-6.1,-2.9,9.8375,7.3,11.7,-6.4125,-8.3,-1.7,0.0,0.241654,0.01,0
103,2020-11-17,0.2096314,0.2631152,0.241703,0.202229,2.34,2.30875,2.47292,3.69417,10,48,7.8125,3.8,12.1,743.2625,741.8,745.0,765.15,763.6,767.1,-0.35,-1.5,0.8,74.0,46.0,100.0,3.625,2,6,0.0,0.0,0.0,11.333333333333334,7.0,13.0,1.4166666666666667,-1.6,2.5,10.614285714285714,7.3,12.2,3.175,-6.8,8.6,4.4,0.241703,0.01,0
104,2020-11-18,0.2200787,0.2656813,0.242144,0.2024403,1.68708,2.3475,2.97729,3.94729,10,48,0.3624999999999999,-1.1,3.4,741.475,734.2,744.7,763.5875,756.4,766.7,-1.1875,-3.8,0.5,100.0,100.0,100.0,4.375,2,6,0.0,0.0,0.0,11.0,8.0,14.0,0.2999999999999999,-1.1,3.4,12.2,12.2,12.2,0.3624999999999999,-1.1,3.4,21.6,0.242144,0.01,0
105,2020-11-19,0.2157271,0.2642877,0.2416436,0.2021979,0.64313,1.32333,2.2025,3.76687,10,48,-5.1625,-7.4,-0.7,734.0125,730.6,739.8,756.4625,752.8,762.7,0.7,-2.6,2.7,98.125,95.0,100.0,3.375,0,6,0.0,0.0,0.0,11.333333333333334,10.0,13.0,-5.225,-7.4,-1.1,0.025,-0.3,0.5,-5.4125000000000005,-7.9,-0.7,96.0,0.2416436,0.01,0
106,2020-11-20,0.21514,0.2635747,0.2413278,0.2017386,0.6375,1.15833,1.89063,3.46688,10,48,-9.0375,-10.8,-7.0,746.3625,741.7,749.2,769.575,764.7,772.5,1.175,0.1,2.0,89.0,78.0,96.0,1.75,1,3,0.0,0.0,0.0,7.0,5.0,10.0,-10.2625,-12.6,-8.5,-5.933333333333334,-6.2,-5.2,-10.5625,-12.3,-9.0,15.2,0.2413278,0.01,0
107,2020-11-21,0.2136995,0.2634716,0.2411735,0.2014965,0.6225,1.11875,1.7725,3.28083,10,48,-7.1,-8.8,-6.0,749.0875,748.7,749.3,772.3625,772.0,772.7,-0.0375,-0.4,0.6,91.125,86.0,95.0,1.875,1,3,0.0,0.0,0.0,4.875,4.0,5.0,-12.6,-12.6,-12.6,-5.8625,-6.2,-5.5,-8.337499999999999,-9.7,-6.9,0.0,0.2411735,0.01,0
108,2020-11-22,0.2088282,0.2630264,0.2410378,0.2013413,0.56979,1.05563,1.685,3.14708,10,48,-11.1125,-15.0,-7.3,749.0625,748.6,749.6,772.5375,772.0,772.9,-0.0375,-0.5,0.5,84.625,71.0,97.0,1.75,0,3,0.0,0.0,0.0,5.428571428571429,4.0,9.0,-16.3375,-17.2,-12.5,-5.65,-6.7,-5.5,-13.3,-16.0,-11.7,0.0,0.2410378,0.01,0
109,2020-11-23,0.2026997,0.2611341,0.2408303,0.2011686,0.4175,0.94208,1.56312,3.02812,10,48,-7.8625,-11.4,-5.1,747.7125,746.3,749.3,771.0125,769.6,772.5,0.0875,-0.9,1.3,76.125,70.0,79.0,4.0,3,6,0.0,0.0,0.0,10.166666666666666,9.0,11.0,-12.966666666666669,-17.2,-11.7,-5.55,-6.8,-5.0,-11.35,-14.3,-9.6,0.0,0.2408303,0.01,0
110,2020-11-24,0.1995135,0.2538965,0.2403223,0.2008912,0.28292,0.83667,1.45458,2.90958,10,48,-4.8625,-8.0,-3.0,748.45,747.1,749.5,771.4625,769.9,772.6,-0.2749999999999999,-0.7,0.2,78.125,70.0,85.0,2.5,2,4,0.0,0.0,0.0,7.125,7.0,8.0,-9.585714285714284,-11.5,-8.8,-3.6,-5.0,-2.7,-8.15,-10.2,-6.2,0.0,0.2403223,0.01,0
111,2020-11-25,0.1986326,0.2480823,0.2396512,0.2006094,0.29104,0.78313,1.36563,2.80417,10,48,-5.7375,-10.7,-3.3,748.2,746.1,751.9,771.15,768.9,775.3,0.6,-0.6,1.9,87.125,71.0,100.0,2.375,1,4,0.0,0.0,0.0,8.5,7.0,10.0,-7.0625,-10.9,-5.4,-2.8625000000000003,-3.1,-2.7,-7.6375,-10.8,-6.2,0.0,0.2396512,0.0103487999999999,0
112,2020-11-26,0.1953371,0.2435571,0.2389542,0.2003801,0.13167,0.69396,1.30396,2.71521,10,48,-8.925,-12.5,-3.8,753.15,752.7,754.0,776.6,776.1,777.4,0.1125,-1.3,0.8,92.25,83.0,99.0,0.875,0,2,0.0,0.0,0.0,4.333333333333333,3.0,7.0,-13.675,-13.9,-12.4,-3.35,-3.8,-3.1,-10.0125,-13.2,-5.8,0.0,0.2389542,0.0110457999999999,0
113,2020-11-27,0.1880162,0.2369708,0.23628,0.200124,-0.23146,0.45313,1.17667,2.61958,10,48,-11.4625,-15.6,-7.6,751.7875,751.0,752.5,775.4375,774.6,776.0,-0.225,-0.8,0.4,81.125,64.0,97.0,2.0,0,4,0.0,0.0,0.0,5.25,2.0,7.0,-15.85,-16.0,-14.8,-4.6875,-7.1,-3.2,-14.25,-16.1,-11.9,0.0,0.23628,0.01372,0
114,2020-11-28,0.1770935,0.231758,0.2311718,0.1997831,-0.57729,0.18542,0.99375,2.49562,10,48,-12.0875,-14.8,-8.4,750.9625,749.3,752.0,774.65,772.9,775.8,-0.2124999999999999,-1.0,0.6,82.25,65.0,93.0,1.75,1,2,0.0,0.0,0.0,5.625,5.0,7.0,-15.925,-16.0,-15.9,-7.6125,-8.3,-7.1,-14.6,-16.0,-13.2,0.0,0.2311718,0.0188281999999999,0
115,2020-11-29,0.1688429,0.2245818,0.2269138,0.1992199,-0.82021,-0.0475,0.81167,2.36854,10,48,-11.325,-15.8,-7.6,749.9875,748.6,751.3,773.6,772.3,775.0,0.25,-0.6,0.9,84.875,73.0,96.0,2.5,1,3,0.0,0.0,0.0,4.875,4.0,6.0,-16.3625,-16.5,-15.9,-7.75,-8.3,-7.2,-13.4375,-16.3,-11.6,0.0,0.2269138,0.0230861999999999,0
116,2020-11-30,0.1633415,0.2182912,0.2193095,0.1985287,-0.97042,-0.24417,0.62729,2.23458,10,48,-11.0625,-13.5,-8.9,753.5375,751.5,755.3,777.2125,775.0,779.0,0.5,0.1,1.3,78.625,73.0,83.0,3.5,3,4,0.0,0.0,0.0,7.75,7.0,8.0,-14.785714285714286,-16.5,-14.1,-7.825,-8.7,-7.2,-14.0625,-15.9,-12.7,0.0,0.2193095,0.0306905,0
117,2020-12-01,0.1579032,0.2138652,0.2130345,0.1977336,-1.15708,-0.41333,0.47063,2.09875,10,48,-11.05,-13.3,-8.5,754.9125,753.7,756.0,778.65,777.4,779.8,-0.1999999999999999,-1.2,0.8,77.625,65.0,85.0,3.0,2,4,0.0,0.0,0.0,7.625,7.0,8.0,-13.95,-14.1,-13.9,-8.5,-8.7,-8.3,-14.25,-15.6,-13.3,0.0,0.2130345,0.0369655,1
118,2020-12-02,0.1529225,0.2097611,0.209855,0.1967869,-1.27708,-0.56625,0.31875,1.97729,10,48,-10.7625,-12.8,-8.8,751.5625,750.2,753.2,775.1625,773.8,776.8,-0.4375,-0.8,0.0,73.375,65.0,81.0,3.75,3,5,0.0,0.0,0.0,7.625,7.0,9.0,-13.3875,-13.9,-13.2,-8.45,-8.7,-8.3,-14.675,-15.4,-13.3,0.0,0.209855,0.0401449999999999,1
119,2020-12-03,0.1496492,0.2046556,0.2071839,0.1956394,-1.39229,-0.68896,0.18458,1.86042,10,48,-10.35,-13.9,-7.6,749.8,749.4,750.1,773.3375,772.8,773.6,-0.0999999999999999,-0.5,0.2,74.5,67.0,83.0,4.25,2,6,0.0,0.0,0.0,9.0,8.0,10.0,-14.057142857142855,-14.2,-13.4,-8.024999999999999,-8.7,-7.3,-14.0875,-16.2,-12.4,0.0,0.2071839,0.0428160999999999,1
120,2020-12-04,0.1485922,0.2008594,0.2049374,0.1940836,-1.34271,-0.71854,0.08417,1.75333,10,48,-8.825,-11.3,-6.6,748.05,746.9,749.2,771.375,770.2,772.6,-0.3125,-1.2,0.2,65.75,58.0,75.0,4.25,4,6,0.0,0.0,0.0,9.5,9.0,11.0,-12.333333333333334,-14.2,-11.7,-6.8,-7.3,-6.3,-14.15,-15.1,-12.5,0.0,0.2049374,0.0450626,1
121,2020-12-05,0.1477905,0.1984543,0.2028503,0.1917407,-1.35167,-0.74937,0.01833,1.65729,10,48,-7.7,-10.1,-5.0,747.5375,747.0,748.2,770.7375,770.2,771.5,0.0125,-0.8,1.1,62.25,57.0,68.0,3.625,1,5,0.0,0.0,0.0,9.5,9.0,10.0,-10.675,-11.7,-10.2,-5.5625,-6.3,-4.8,-13.7375,-14.9,-11.7,0.0,0.2028503,0.0471496999999999,1
122,2020-12-06,0.146291,0.1956035,0.2003527,0.1892566,-1.51208,-0.87417,-0.06438,1.565,10,48,-8.075,-11.2,-5.8,746.1375,745.1,747.8,769.2625,768.1,771.1,0.1,-0.9,1.1,69.375,56.0,86.0,3.25,2,4,0.0,0.0,0.0,8.75,6.0,10.0,-9.6125,-11.6,-8.7,-4.9875,-5.3,-4.8,-12.8375,-14.3,-10.3,0.0,0.2003527,0.0496473,1
123,2020-12-07,0.144004,0.1921613,0.1967365,0.1873129,-1.75229,-1.04229,-0.20146,1.48458,10,48,-11.7875,-14.1,-9.9,748.7375,748.1,749.5,772.275,771.6,773.1,0.0999999999999999,-0.8,1.0,71.875,63.0,82.0,3.875,3,5,0.0,0.0,0.0,8.375,7.0,9.0,-14.175,-14.5,-12.6,-6.7875,-9.6,-5.3,-15.925,-16.7,-15.3,0.0,0.1967365,0.0532634999999999,1
124,2020-12-08,0.1419082,0.188966,0.1923746,0.1851958,-1.9125,-1.19708,-0.34687,1.38625,10,48,-10.1375,-12.9,-7.6,747.475,745.9,748.6,770.9625,769.3,772.2,-0.3375,-1.0,0.2,57.125,48.0,68.0,3.5,2,6,0.0,0.0,0.0,9.5,9.0,10.0,-13.7,-14.5,-13.3,-8.525,-9.6,-7.4,-17.1375,-18.1,-16.2,0.0,0.1923746,0.0576253999999999,1
125,2020-12-09,0.1406298,0.1863432,0.188694,0.1816875,-1.94458,-1.28333,-0.44396,1.30937,10,48,-5.0125,-8.8,-1.9,742.35,741.0,745.1,765.25,763.6,768.3,-0.6125,-1.3,0.1,57.25,49.0,68.0,3.125,2,5,0.0,0.0,0.0,9.5,8.0,11.0,-10.08,-12.9,-9.1,-3.2,-7.4,-1.1,-12.25,-17.1,-8.3,0.0,0.188694,0.0613059999999999,1
126,2020-12-10,0.1401231,0.1846842,0.186017,0.1788735,-1.93708,-1.29167,-0.50875,1.19938,10,48,-6.6875,-9.5,-3.2,741.6125,740.8,742.9,764.5,763.6,765.9,0.2375,-0.5,1.1,61.0,49.0,75.0,3.875,2,5,0.0,0.0,0.0,9.75,9.0,10.0,-9.8625,-10.1,-8.7,-1.7000000000000002,-3.0,-1.1,-13.1125,-14.9,-11.7,0.0,0.186017,0.063983,1
127,2020-12-11,0.1382795,0.1821051,0.182737,0.1770589,-2.18458,-1.46479,-0.625,1.10875,10,48,-11.35,-13.7,-7.1,744.3375,743.9,744.7,767.625,766.9,768.1,0.2,-0.6,1.0,71.5,48.0,83.0,1.625,1,2,0.0,0.0,0.0,5.5,4.0,10.0,-13.6375,-14.2,-10.8,-3.9125,-6.7,-3.0,-15.675,-17.2,-13.7,0.0,0.182737,0.0672629999999999,1
128,2020-12-12,0.1347833,0.1779158,0.1769585,0.1751908,-2.69375,-1.84021,-0.86042,1.01312,10,48,-13.775,-18.8,-10.6,743.6375,743.1,744.1,767.2125,766.6,767.8,-0.1125,-0.8,0.4,70.5,46.0,91.0,1.375,0,2,0.0,0.0,0.0,4.625,4.0,5.0,-15.8625,-18.8,-14.4,-8.214285714285714,-10.1,-6.7,-18.3125,-20.0,-16.2,0.0,0.1769585,0.0730415,1
129,2020-12-13,0.130941,0.1731936,0.1699797,0.1723122,-3.22979,-2.27583,-1.15917,0.87396,10,48,-17.15,-19.8,-14.1,745.7875,743.7,747.2,769.775,767.5,771.4,0.4375,-0.1,1.3,71.75,52.0,93.0,2.75,1,4,0.0,0.0,0.0,6.25,4.0,8.0,-19.9375,-20.0,-19.7,-11.6,-13.9,-10.1,-21.25,-22.3,-18.7,0.0,0.1699797,0.0800202999999999,1
130,2020-12-14,0.128488,0.1695692,0.1641054,0.1693177,-3.63667,-2.655,-1.47104,0.69271,10,48,-17.825,-20.0,-14.8,748.175,747.0,749.3,772.3,771.0,773.5,0.275,-0.3,0.9,65.625,51.0,73.0,3.125,2,4,0.0,0.0,0.0,7.125,7.0,8.0,-20.15,-20.2,-20.0,-14.1625,-14.6,-13.9,-22.8,-23.6,-22.1,0.0,0.1641054,0.0858945999999999,1
131,2020-12-15,0.1254927,0.1659912,0.1589039,0.1669851,-4.19542,-3.14083,-1.85042,0.48917,10,48,-19.5625,-21.8,-16.2,750.3125,749.5,750.8,774.6625,773.7,775.2,0.15,-0.4,0.8,65.875,55.0,75.0,2.125,1,4,0.0,0.0,0.0,6.75,6.0,7.0,-22.375,-22.9,-20.2,-15.125,-16.0,-14.6,-24.4125,-25.3,-23.2,0.0,0.1589039,0.0910961,1
132,2020-12-16,0.1233541,0.1630705,0.1534922,0.1647761,-4.54417,-3.51604,-2.21313,0.265,10,48,-17.5625,-20.7,-14.9,750.325,748.4,751.5,774.6125,772.4,775.9,-0.2625,-1.1,0.5,61.0,50.0,75.0,2.625,2,4,0.0,0.0,0.0,6.625,5.0,9.0,-22.47142857142857,-22.9,-22.3,-15.285714285714286,-16.0,-14.7,-23.4375,-24.7,-21.8,0.0,0.1534922,0.0965077999999999,1
133,2020-12-17,0.1232367,0.1621552,0.150759,0.1623486,-4.31875,-3.48604,-2.34583,0.06146,10,48,-12.4625,-14.5,-9.5,746.95,746.5,747.6,770.6625,770.1,771.4,-0.15,-0.8,0.4,61.375,53.0,67.0,4.125,4,5,0.0,0.0,0.0,9.5,8.0,10.0,-16.240000000000002,-17.5,-15.2,-11.3625,-14.1,-9.4,-18.425,-21.6,-16.4,0.0,0.150759,0.0992409999999999,1
134,2020-12-18,0.123404,0.1619352,0.1496863,0.1589808,-4.19521,-3.38458,-2.34146,-0.05604,10,48,-14.65,-16.7,-11.6,749.7125,747.8,751.1,773.5375,771.4,775.0,0.4875,-0.2,1.0,59.875,48.0,73.0,3.625,3,6,0.0,0.0,0.0,9.875,9.0,10.0,-16.849999999999998,-17.2,-14.9,-10.125,-11.3,-9.4,-20.8625,-22.4,-19.2,0.0,0.1496863,0.1003136999999999,1
135,2020-12-19,0.1216462,0.1602861,0.1479451,0.1558011,-4.72458,-3.78792,-2.60646,-0.19104,10,48,-15.775,-18.3,-12.7,751.125,750.7,751.6,775.1625,774.7,775.7,-0.0499999999999999,-0.6,0.6,60.25,50.0,66.0,2.625,2,3,0.0,0.0,0.0,7.125,6.0,10.0,-18.5625,-18.8,-17.4,-11.8625,-12.7,-11.3,-21.7875,-23.4,-20.3,0.0,0.1479451,0.1020548999999999,1
136,2020-12-20,0.1205964,0.1587875,0.1459548,0.1526112,-4.88917,-4.01208,-2.86083,-0.37625,10,48,-11.8125,-15.7,-8.7,749.175,747.4,750.4,772.9,770.8,774.3,-0.4125,-1.1,0.0,62.875,55.0,73.0,3.5,2,4,0.0,0.0,0.0,7.75,6.0,9.0,-16.72,-18.8,-16.2,-10.157142857142857,-12.7,-8.5,-17.575,-20.4,-15.0,0.0,0.1459548,0.1040451999999999,1
137,2020-12-21,0.1217685,0.1591472,0.1452906,0.1492764,-4.27604,-3.62583,-2.73062,-0.49437,10,48,-6.0875,-9.0,-3.7,745.1,743.8,746.4,768.175,766.6,769.6,-0.45,-1.1,0.3,56.875,51.0,65.0,4.375,3,5,0.0,0.0,0.0,11.666666666666666,10.0,12.0,-10.175,-11.6,-9.7,-5.6,-8.3,-3.6,-13.3125,-15.6,-11.1,0.0,0.1452906,0.1047094,1
138,2020-12-22,0.1232101,0.1602306,0.1453795,0.1475345,-3.68021,-3.13458,-2.44333,-0.49125,10,48,-3.3375,-5.3,-0.2,741.9,741.1,743.2,764.55,763.6,765.9,-0.3375,-0.8,0.5,71.0,64.0,80.0,3.375,2,5,0.0,0.0,0.0,11.2,10.0,12.0,-5.659999999999999,-5.9,-5.6,-1.6375,-3.6,-0.1,-7.95,-9.3,-6.0,0.0,0.1453795,0.1046204999999999,1
139,2020-12-23,0.1238193,0.1607128,0.1453804,0.1464104,-3.49312,-2.96896,-2.2975,-0.495,10,48,-4.35,-9.4,-2.2,738.0375,736.6,740.4,760.575,759.1,762.9,-0.225,-1.9,1.5,73.375,55.0,88.0,4.0,1,7,0.0,0.0,0.0,12.0,7.0,14.0,-5.775,-9.4,-4.5,-0.8714285714285713,-1.9,-0.1,-8.55,-11.5,-3.9,0.0,0.1453804,0.1046196,1
140,2020-12-24,0.1237203,0.160782,0.1452543,0.1455329,-3.54208,-2.92042,-2.21021,-0.48083,10,48,-10.875,-12.2,-9.0,741.125,740.2,741.9,764.3,763.3,765.0,0.1125,-0.6,1.5,81.125,64.0,93.0,3.125,2,4,0.0,0.0,0.0,7.75,6.0,11.0,-12.4625,-12.6,-11.5,-4.1000000000000005,-8.0,-1.9,-13.6,-16.4,-11.7,0.0,0.1452543,0.1047456999999999,1
141,2020-12-25,0.1214416,0.1588064,0.1436497,0.1439668,-4.38896,-3.57042,-2.60146,-0.57562,10,48,-13.0625,-16.9,-9.0,742.4375,740.5,744.4,765.95,763.9,768.1,0.525,-1.3,1.1,68.375,55.0,83.0,3.75,2,5,0.0,0.0,0.0,8.625,8.0,10.0,-16.625,-17.0,-14.8,-8.3875,-8.8,-8.0,-17.8125,-20.0,-16.0,0.0,0.1436497,0.1063503,1
142,2020-12-26,0.1194834,0.1567474,0.1412211,0.1408385,-4.92083,-4.07875,-3.03792,-0.76271,10,48,-10.325,-16.5,-5.8,743.8,741.7,745.9,767.175,764.8,769.5,-0.3375,-2.0,0.9,58.625,37.0,86.0,1.5,1,2,0.0,0.0,0.0,6.571428571428571,4.0,10.0,-17.5,-17.7,-17.0,-6.8500000000000005,-8.8,-5.2,-17.5125,-20.2,-14.0,0.0,0.1412211,0.1087789,1
143,2020-12-27,0.1198667,0.1565503,0.1399235,0.137158,-4.56583,-3.90521,-3.04917,-0.89583,10,48,-12.525,-16.1,-8.7,744.7,742.1,748.6,768.1125,765.3,772.3,0.8625,0.2,2.0,70.375,53.0,87.0,2.375,0,4,0.0,0.0,0.0,5.857142857142857,4.0,7.0,-15.5,-17.7,-13.8,-5.85,-8.5,-5.2,-17.0375,-23.5,-14.4,0.0,0.1399235,0.1100764999999999,1
144,2020-12-28,0.117675,0.1549641,0.1385447,0.1338332,-5.34479,-4.43521,-3.33354,-0.99667,10,48,-15.6,-17.6,-12.7,750.4625,749.5,752.1,774.4125,773.3,776.1,0.4375,-0.9,1.3,61.625,42.0,72.0,2.375,1,4,0.0,0.0,0.0,6.625,5.0,7.0,-18.175,-18.4,-17.2,-10.157142857142857,-12.4,-8.5,-21.45,-23.3,-18.8,0.0,0.1385447,0.1114553,1
145,2020-12-29,0.1156024,0.1529886,0.1365772,0.1299986,-5.90437,-4.93854,-3.7575,-1.22958,10,48,-19.9875,-21.8,-18.1,750.9875,748.5,752.9,775.3125,772.9,777.1,-0.45,-1.2,0.8,68.25,46.0,90.0,2.75,1,4,0.0,0.0,0.0,7.25,6.0,8.0,-21.425,-22.0,-19.8,-13.94285714285714,-16.9,-12.4,-24.6125,-27.0,-21.2,0.0,0.1365772,0.1134227999999999,1
146,2020-12-30,0.1129161,0.1505779,0.134527,0.1267126,-6.55437,-5.53458,-4.25146,-1.48479,10,48,-20.3375,-24.3,-17.4,745.325,743.6,747.6,769.6999999999999,767.8,772.0,-0.6,-1.4,0.1,60.625,55.0,66.0,3.875,3,5,0.0,0.0,0.0,7.625,6.0,9.0,-24.342857142857145,-24.6,-23.1,-17.575,-17.9,-17.2,-26.025,-29.2,-23.1,0.0,0.134527,0.1154729999999999,1
147,2020-12-31,0.1119041,0.1493604,0.1330702,0.1243024,-6.71208,-5.73396,-4.52125,-1.74312,10,48,-18.55,-20.9,-15.4,743.075,742.2,743.6,767.1,766.1,767.6,-0.0125,-0.6,0.7,63.25,51.0,70.0,3.5,1,5,0.0,0.0,0.0,9.285714285714286,8.0,10.0,-22.45,-24.6,-21.3,-16.2,-17.2,-15.2,-23.9,-25.3,-22.6,0.0,0.1330702,0.1169297999999999,1
148,2021-01-01,0.109865,0.1474433,0.1315686,0.122268,-7.37458,-6.27667,-4.93479,-2.00292,10,48,-21.2125,-23.5,-16.7,747.675,745.1,749.5,772.05,769.3,774.1,0.7375,-0.2,1.5,64.625,40.0,79.0,1.75,1,3,0.0,0.0,0.0,6.142857142857143,5.0,9.0,-24.4625,-25.0,-22.0,-15.6125,-16.3,-15.2,-26.425,-27.2,-24.4,0.0,0.1315686,0.1184313999999999,1
149,2021-01-02,0.1077904,0.1452244,0.1296623,0.1195511,-8.04542,-6.91896,-5.49104,-2.34771,10,48,-18.9125,-23.2,-15.6,749.7375,749.0,750.4,774.1125,773.3,774.8,0.1125,-0.6,1.1,59.125,48.0,69.0,2.5,1,3,0.0,0.0,0.0,5.375,3.0,7.0,-24.5375,-25.0,-23.8,-15.475,-16.3,-14.8,-25.0125,-27.3,-22.2,0.0,0.1296623,0.1203376999999999,1
150,2021-01-03,0.107416,0.1443229,0.1286192,0.1163654,-8.03792,-7.02563,-5.73396,-2.65354,10,48,-17.7,-19.9,-15.1,750.5125,750.1,750.9,774.7625,774.4,775.0,0.05,-0.7,0.5,61.125,52.0,67.0,3.375,2,5,0.0,0.0,0.0,8.875,6.0,10.0,-20.8,-23.8,-20.3,-14.857142857142858,-14.9,-14.8,-23.4625,-24.6,-22.7,0.0,0.1286192,0.1213808,1
151,2021-01-04,0.1068087,0.1436504,0.1278978,0.1146182,-8.21396,-7.19667,-5.90375,-2.88187,10,48,-17.9375,-19.8,-15.2,750.5125,749.8,750.9,774.725,773.9,775.1,0.0125,-1.0,0.6,57.875,44.0,65.0,3.125,2,5,0.0,0.0,0.0,8.625,8.0,9.0,-20.2875,-20.3,-20.2,-14.75,-14.9,-14.6,-24.3375,-24.9,-23.2,0.0,0.1278978,0.1221021999999999,1
152,2021-01-05,0.1056486,0.1423935,0.1269479,0.1133912,-8.69917,-7.62687,-6.25521,-3.14708,10,48,-19.9,-22.7,-16.7,750.7875,748.9,751.9,775.1875,773.2,776.4,-0.25,-1.1,1.1,61.25,51.0,75.0,2.25,1,4,0.0,0.0,0.0,6.875,6.0,8.0,-22.9875,-23.1,-22.3,-15.2875,-16.3,-14.6,-25.575,-27.2,-24.5,0.0,0.1269479,0.1230520999999999,1
153,2021-01-06,0.1061923,0.1423461,0.1265184,0.1122807,-8.27771,-7.43729,-6.2925,-3.36604,10,48,-18.0875,-21.3,-16.9,745.2,743.4,747.6,769.25,767.3,771.6,-0.3,-2.2,1.2,66.125,49.0,87.0,3.375,3,4,0.0,0.0,0.0,7.75,6.0,9.0,-21.214285714285715,-23.1,-19.6,-16.375,-16.5,-16.3,-23.15,-25.3,-20.8,1.6,0.1265184,0.1234815999999999,1
154,2021-01-07,0.105443,0.141873,0.1263119,0.1117346,-8.6325,-7.62083,-6.34396,-3.46937,10,48,-24.05,-24.8,-22.7,746.6875,745.8,747.2,771.275,770.5,771.8,-0.0875,-1.0,0.7,59.25,48.0,82.0,3.25,2,5,0.0,0.0,0.0,8.75,7.0,9.0,-24.7125,-25.0,-23.5,-17.46,-21.3,-16.5,-29.9125,-31.8,-25.7,1.2,0.1263119,0.1236880999999999,1
155,2021-01-08,0.1037202,0.1401574,0.1250093,0.1106929,-9.43708,-8.34104,-6.92333,-3.77292,10,48,-22.4625,-26.4,-19.4,743.8875,742.9,744.9,768.4625,767.2,769.5,-0.3625,-0.9,0.3,57.375,49.0,66.0,3.0,2,4,0.0,0.0,0.0,7.375,6.0,9.0,-26.5,-26.7,-25.1,-20.95,-22.6,-19.2,-28.6625,-30.9,-26.0,0.0,0.1250093,0.1249907,1
156,2021-01-09,0.1033091,0.1393256,0.1242708,0.1096603,-9.47875,-8.50333,-7.2025,-4.09479,10,48,-18.6125,-22.8,-15.1,743.4125,742.3,744.0,767.5625,766.6,768.1,0.1714285714285714,-0.4,0.9,59.75,46.0,71.0,2.5,1,3,0.0,0.0,0.0,8.5,7.0,9.0,-24.33333333333333,-26.7,-23.3,-17.0,-19.2,-15.0,-24.675,-26.6,-22.8,0.0,0.1242708,0.1257291999999999,1
157,2021-01-10,0.1035248,0.1392942,0.1241126,0.1090113,-9.25813,-8.37854,-7.20812,-4.27208,10,48,-15.175,-18.3,-11.9,746.3625,744.4,748.2,770.275,768.4,772.2,0.5125,-0.2,1.1,64.875,52.0,82.0,2.375,1,3,0.0,0.0,0.0,6.0,6.0,6.0,-19.5,-19.5,-19.5,-13.325,-15.0,-11.8,-20.425,-21.9,-19.6,0.0,0.1241126,0.1258873999999999,1
158,2021-01-11,0.1044249,0.1399165,0.1243118,0.1086543,-8.69,-7.965,-6.98792,-4.32313,10,48,-11.0125,-14.1,-6.6,743.6625,740.2,747.3,767.1125,763.4,770.9,-0.975,-2.4,-0.5,62.75,52.0,73.0,3.5,2,5,0.0,0.0,0.0,9.333333333333334,7.0,11.0,-14.9,-15.1,-14.3,-8.787500000000001,-11.8,-6.4,-16.8375,-19.4,-13.5,0.0,0.1243118,0.1256882,1
159,2021-01-12,0.1056375,0.1408579,0.1247831,0.1087144,-8.01167,-7.42063,-6.60417,-4.23875,10,48,-9.1875,-12.6,-6.3,734.425,732.1,738.8,757.375,754.9,761.9,-0.8999999999999999,-2.0,0.9,74.75,64.0,83.0,2.75,2,4,0.0,0.0,0.0,8.285714285714286,6.0,10.0,-13.325,-14.3,-13.0,-6.085714285714286,-6.4,-5.8,-12.8875,-16.0,-9.4,0.0,0.1247831,0.1252169,1
160,2021-01-13,0.106962,0.142164,0.1256971,0.1092133,-7.31083,-6.71792,-5.99937,-3.98125,10,48,-14.125,-17.9,-11.4,737.65,733.0,742.2,761.0125,756.1,765.8,1.15,0.0,2.0,74.0,62.0,90.0,2.75,1,5,0.0,0.0,0.0,7.75,5.0,10.0,-17.4,-18.0,-15.2,-6.525,-10.5,-5.8,-17.8625,-20.4,-16.5,0.0,0.1256971,0.1243028999999999,1
161,2021-01-14,0.1062983,0.1417268,0.1256133,0.1093754,-7.65542,-6.96646,-6.07646,-3.90146,10,48,-14.05,-18.3,-10.9,744.8625000000001,743.5,746.7,768.5375,766.9,770.5,0.1625,-1.0,1.5,62.0,41.0,90.0,2.25,1,3,0.0,0.0,0.0,7.142857142857143,5.0,9.0,-19.02857142857143,-19.4,-18.0,-10.8875,-11.0,-10.7,-20.1625,-24.3,-13.7,0.5,0.1256133,0.1243866999999999,1
162,2021-01-15,0.1072111,0.142324,0.1258918,0.1094035,-7.15063,-6.58813,-5.88458,-3.89354,10,48,-16.15,-20.7,-12.6,745.0125,741.7,748.7,768.775,765.2,772.9,0.65,-1.2,2.7,82.75,66.0,92.0,3.125,1,6,0.0,0.0,0.0,9.25,8.0,10.0,-18.116666666666667,-21.6,-15.4,-11.0375,-12.3,-10.7,-18.475,-22.4,-13.6,13.6,0.1258918,0.1241081999999999,1
163,2021-01-16,0.1059735,0.1414859,0.1256433,0.1093772,-7.85042,-7.08917,-6.10271,-3.8975,10,48,-19.5875,-24.2,-16.7,748.575,747.2,749.4,772.9,771.4,773.7,-0.1875,-1.1,0.5,73.5,58.0,87.0,3.125,1,4,0.0,0.0,0.0,7.5,4.0,9.0,-24.542857142857144,-24.6,-24.2,-14.7875,-16.4,-12.6,-23.275,-26.0,-22.4,0.0,0.1256433,0.1243566999999999,1
164,2021-01-17,0.1055995,0.1409119,0.1251862,0.1088431,-8.08646,-7.38458,-6.41333,-4.10729,10,48,-15.0875,-18.0,-12.3,742.525,739.9,746.5,766.375,763.5,770.6,-0.9125,-2.1,-0.1,61.5,51.0,70.0,4.0,3,6,0.0,0.0,0.0,9.428571428571429,8.0,11.0,-18.625,-18.7,-18.4,-13.133333333333333,-16.4,-11.9,-20.925,-22.8,-18.3,0.0,0.1251862,0.1248137999999999,1
165,2021-01-18,0.1053232,0.1406687,0.1249762,0.1085102,-8.19979,-7.47979,-6.5225,-4.2325,10,48,-20.4625,-21.9,-18.5,746.0375,740.0,750.9,770.175,763.7,775.4,1.375,0.1,2.6,60.5,51.0,83.0,2.625,2,4,0.0,0.0,0.0,8.625,7.0,11.0,-21.925,-24.1,-18.5,-12.44285714285714,-14.0,-11.9,-26.2625,-28.2,-24.0,0.0,0.1249762,0.1250238,1
166,2021-01-19,0.1038593,0.1393036,0.1240306,0.108032,-8.98792,-8.14958,-7.01521,-4.45958,10,48,-17.45,-21.8,-14.4,749.8375,747.9,751.3,774.125,771.8,775.8,-0.375,-1.6,0.3,49.5,35.0,60.0,2.375,1,3,0.0,0.0,0.0,7.285714285714286,6.0,9.0,-23.8,-24.1,-22.3,-15.457142857142856,-18.4,-13.5,-25.7,-27.7,-21.7,0.0,0.1240306,0.1259693999999999,1
167,2021-01-20,0.1056687,0.1402487,0.1241585,0.1075646,-7.89583,-7.50896,-6.82792,-4.64083,10,48,-4.3875,-12.5,-0.4,743.35,740.4,747.1,766.4625,763.3,770.8,-0.45,-2.0,1.4,85.25,63.0,98.0,5.0,3,8,0.0,0.0,0.0,14.6,9.0,16.0,-17.599999999999998,-21.8,-15.7,-4.325,-12.5,-0.1,-6.550000000000001,-18.1,-1.8,11.9,0.1241585,0.1258415,1
168,2021-01-21,0.1090001,0.1431601,0.1260251,0.108292,-6.22271,-5.97958,-5.65667,-4.20375,10,48,-2.55,-6.7,-0.2,744.25,742.6,745.5,766.85,765.1,768.1,1.2,1.2,1.2,98.5,96.0,100.0,1.75,1,3,0.0,0.0,0.0,9.571428571428571,3.0,15.0,-5.216666666666667,-7.0,-4.4,-0.0625,-0.1,0.0,-2.7625,-6.7,-0.6,0.5,0.1260251,0.1239748999999999,1
169,2021-01-22,0.1093857,0.1439746,0.1270673,0.1090517,-6.06375,-5.64729,-5.18458,-3.77375,10,48,-9.2375,-13.5,-3.9,747.825,745.9,749.0,771.0375,768.7,772.1,-0.035416666666666596,-0.95,0.9,63.0,39.0,83.0,1.875,0,3,0.0,0.0,0.0,5.5,5.0,6.0,-13.125,-14.1,-7.8,-0.925,-3.8,0.0,-15.4625,-17.0,-11.3,0.0,0.1270673,0.1229326999999999,1
170,2021-01-23,0.1084991,0.1432741,0.1269081,0.109266,-6.56208,-6.01958,-5.34083,-3.675,10,48,-7.7625,-15.3,-1.7,745.7375,744.8,747.0,768.975,768.0,770.3,-0.035416666666666596,-0.95,0.9,70.125,50.0,89.0,1.875,1,3,0.0,0.0,0.0,4.428571428571429,4.0,5.0,-16.285714285714285,-16.3,-16.2,-2.525,-3.8,-1.2,-12.525,-18.2,-7.8,0.0,0.1269081,0.1230918999999999,1
171,2021-01-24,0.1089485,0.1435435,0.1269513,0.1092694,-6.31125,-5.87167,-5.29542,-3.69292,10,48,-4.1,-7.9,2.7,747.7125,746.2,749.6,770.625,769.2,772.6,-0.035416666666666596,-0.95,0.9,81.375,52.0,100.0,1.75,0,4,0.0,0.0,0.0,5.6,4.0,7.0,-10.8,-16.3,-9.7,1.1375,-1.2,3.3,-7.175,-9.5,-4.6,0.0,0.1269513,0.1230487,1
172,2021-01-25,0.1096451,0.1442749,0.1273376,0.1094787,-5.895,-5.51312,-5.03146,-3.58521,10,48,-6.825,-12.3,-2.9,746.45,743.7,749.7,769.525,766.6,772.6,-0.8571428571428571,-2.4,0.0,92.875,78.0,100.0,1.25,0,4,0.0,0.0,0.0,4.5,4.0,6.0,-12.375,-13.2,-9.4,0.9142857142857144,-2.4,3.3,-7.8375,-12.4,-5.6,1.0,0.1273376,0.1226623999999999,1
173,2021-01-26,0.1108842,0.1452924,0.1280115,0.1098803,-5.38312,-5.06167,-4.67854,-3.40771,10,48,-9.175,-12.5,-4.5,743.2375,741.8,744.7,766.35,764.8,768.0,0.025,-0.5,0.9,76.625,57.0,96.0,3.375,1,5,0.0,0.0,0.0,8.0,7.0,9.0,-13.05,-13.2,-13.0,-2.875,-4.2,-2.4,-12.7625,-18.4,-9.3,6.0,0.1280115,0.1219884999999999,1
174,2021-01-27,0.1104228,0.1451935,0.1282455,0.110187,-5.62312,-5.16292,-4.63042,-3.27417,10,48,-11.675,-15.5,-8.0,745.2375,742.9,746.9,768.7,766.3,770.4,-0.1999999999999999,-2.1,1.8,53.375,34.0,93.0,3.0,1,5,0.0,0.0,0.0,8.625,7.0,9.0,-16.014285714285712,-16.5,-13.9,-5.4125000000000005,-7.7,-4.2,-19.7125,-22.6,-11.7,0.2,0.1282455,0.1217544999999999,1
175,2021-01-28,0.1096821,0.1445961,0.1279062,0.1101312,-6.025,-5.47833,-4.82937,-3.30896,10,48,-16.7625,-21.5,-10.9,743.1125,740.5,745.1,766.8125,763.8,769.3,0.275,-1.2,1.5,67.5,44.0,94.0,2.625,1,4,0.0,0.0,0.0,8.25,5.0,10.0,-18.625,-21.5,-16.5,-8.485714285714286,-10.8,-7.7,-21.6875,-26.0,-11.7,1.8,0.1279062,0.1220937999999999,1
176,2021-01-29,0.1079827,0.1430413,0.127059,0.1097482,-6.92896,-6.23917,-5.34708,-3.51417,10,48,-18.975,-23.4,-14.2,744.075,739.8,746.5,768.2875,763.6,770.9,-0.6625,-2.5,0.6,53.375,36.0,69.0,2.875,1,4,0.0,0.0,0.0,7.5,6.0,10.0,-23.9875,-24.2,-22.8,-14.7125,-16.1,-11.0,-26.3375,-29.0,-18.7,0.0,0.127059,0.1229409999999999,1
177,2021-01-30,0.1080672,0.142847,0.1266049,0.1092305,-6.84354,-6.31562,-5.55958,-3.78479,10,48,-18.15,-22.7,-12.2,746.7,740.2,750.3,770.725,763.9,774.7,1.2375,-0.6,3.3,84.125,73.0,92.0,2.375,0,4,0.0,0.0,0.0,7.875,5.0,10.0,-21.87142857142857,-24.2,-18.8,-12.2,-12.2,-12.2,-20.2125,-24.2,-13.2,7.5,0.1266049,0.1233951,1
178,2021-01-31,0.1074405,0.1422858,0.1261558,0.1089338,-7.17812,-6.59521,-5.78,-3.91188,10,48,-11.675,-19.8,-3.8,743.225,736.9,749.8,766.95,759.7,774.1,-1.6,-2.5,0.1,80.75,66.0,92.0,2.75,2,3,0.0,0.0,0.0,6.5,4.0,8.0,-23.575,-23.9,-21.3,-10.275,-17.1,-3.4,-14.425,-21.4,-7.2,1.8,0.1261558,0.1238441999999999,1
179,2021-02-01,0.1090722,0.1433249,0.1266772,0.1088695,-6.27813,-5.94958,-5.46771,-3.94271,10,48,-16.8125,-20.7,-7.6,742.6,736.9,746.5,766.1875,759.8,770.8,1.2,0.0,2.6,87.375,74.0,97.0,3.125,1,4,0.0,0.0,0.0,8.375,7.0,9.0,-19.428571428571427,-21.7,-18.2,-3.4,-3.4,-3.4,-18.4625,-21.8,-8.0,12.7,0.1266772,0.1233228,1
180,2021-02-02,0.1091433,0.1435047,0.1270703,0.1090802,-6.29187,-5.83854,-5.25521,-3.77167,10,48,-20.2,-23.9,-17.1,745.2,744.4,746.1,769.4875,768.7,770.5,-0.225,-0.8,0.4,60.25,49.0,76.0,3.625,3,5,0.0,0.0,0.0,8.125,6.0,10.0,-23.85,-24.1,-22.3,-16.342857142857145,-16.7,-14.8,-26.1,-28.0,-24.2,0.2,0.1270703,0.1229296999999999,1
181,2021-02-03,0.1085655,0.1431582,0.1268702,0.109068,-6.55812,-6.05542,-5.37979,-3.79125,10,48,-17.8,-21.2,-13.8,744.05,743.3,745.0,768.0875,767.2,769.1,-0.1375,-1.1,0.3,49.75,40.0,54.0,3.25,2,5,0.0,0.0,0.0,9.428571428571429,8.0,10.0,-22.4,-24.1,-21.5,-14.975,-16.5,-13.7,-25.8625,-28.9,-23.7,0.0,0.1268702,0.1231298,1
182,2021-02-04,0.1083374,0.1429939,0.1266527,0.1089556,-6.63979,-6.15583,-5.49458,-3.87125,10,48,-14.3875,-21.4,-9.2,742.95,739.3,745.3,766.7625,762.6,769.3,-0.5375000000000001,-2.1,1.0,47.375,36.0,57.0,2.625,2,4,0.0,0.0,0.0,8.2,6.0,10.0,-22.01428571428572,-22.1,-21.5,-11.025,-13.7,-8.1,-23.375,-27.9,-17.3,0.0,0.1266527,0.1233472999999999,1
183,2021-02-05,0.1090854,0.1433796,0.1268185,0.1089281,-6.27333,-5.89646,-5.37667,-3.89021,10,48,-6.15,-11.1,-0.8,735.2625,733.9,737.3,758.0125,756.4,760.3,-0.375,-2.2,1.2,71.875,60.0,97.0,2.625,0,6,0.0,0.0,0.0,9.142857142857142,6.0,10.0,-11.66,-13.8,-10.6,-3.325,-8.1,-0.5,-10.6,-14.9,-6.6,0.0,0.1268185,0.1231814999999999,1
184,2021-02-06,0.1100415,0.1443941,0.1274174,0.109178,-5.67333,-5.37896,-5.0,-3.73,10,48,-10.1375,-13.3,-6.4,740.725,736.3,745.6,763.825,759.1,768.9,1.1625,0.0,1.8,83.125,64.0,97.0,2.25,1,3,0.0,0.0,0.0,5.625,4.0,7.0,-13.425,-16.6,-12.7,-2.05,-4.8,-0.5,-12.6,-16.0,-8.5,2.0,0.1274174,0.1225826,1
185,2021-02-07,0.110004,0.1445593,0.1276919,0.1094901,-5.745,-5.32083,-4.85312,-3.56125,10,48,-15.875,-19.0,-11.7,747.8875,746.1,749.5,771.6875,769.6,773.6,0.4375,-0.4,0.9,79.375,46.0,94.0,1.5,0,5,0.0,0.0,0.0,8.0,4.0,10.0,-19.387500000000003,-19.6,-18.3,-7.15,-11.3,-4.8,-18.9875,-21.0,-16.3,0.0,0.1276919,0.1223080999999999,1
186,2021-02-08,0.1095807,0.1441454,0.1275334,0.1095184,-6.02083,-5.54146,-4.97208,-3.56042,10,48,-15.9,-20.7,-12.6,749.075,747.7,750.1,773.05,771.4,774.1,-0.175,-1.2,0.6,77.875,60.0,93.0,1.625,0,3,0.0,0.0,0.0,5.333333333333333,3.0,6.0,-21.428571428571427,-21.6,-20.7,-11.7125,-12.4,-11.3,-19.0625,-21.8,-16.8,0.0,0.1275334,0.1224666,1
187,2021-02-09,0.1096778,0.1441214,0.1274393,0.1093932,-5.96229,-5.56563,-5.03354,-3.63708,10,48,-7.625,-14.4,-2.4,743.3,742.0,746.5,766.5875,765.0,770.2,-0.7125,-2.7,0.3,67.75,58.0,87.0,3.125,1,5,0.0,0.0,0.0,8.125,4.0,10.0,-16.2,-16.4,-15.2,-5.9750000000000005,-12.4,-1.8,-12.725,-19.6,-8.0,0.0,0.1274393,0.1225606999999999,1
188,2021-02-10,0.1105955,0.1445326,0.1275861,0.1093,-5.27375,-4.9525,-4.6275,-3.42813,10,48,-6.0375,-7.2,-3.1,742.9875,741.2,744.7,765.8375,763.9,767.6,0.3374999999999999,-0.6,1.0,87.75,77.0,98.0,2.25,1,3,0.0,0.0,0.0,5.875,4.0,8.0,-11.0875,-14.6,-10.2,-2.175,-2.9,-1.8,-7.8,-9.0,-6.1,0.0,0.1275861,0.1224138999999999,1
189,2021-02-11,0.1118148,0.1458913,0.1284323,0.1099137,-4.93437,-4.71958,-4.45563,-3.40792,10,48,1.425,-5.9,6.3,740.5625,737.7,744.4,763.0124999999999,759.9,767.3,-0.7125,-2.5,1.2,56.25,38.0,80.0,4.0,2,7,0.0,0.0,0.0,9.428571428571429,4.0,16.0,-7.616666666666667,-7.7,-7.2,3.357142857142857,-2.9,6.8,-6.8125,-9.6,-1.5,0.0,0.1284323,0.1215676999999999,1
190,2021-02-12,0.1157135,0.1486351,0.1300617,0.1105487,-3.66813,-3.71729,-3.76667,-3.10458,10,48,0.925,-4.4,4.4,744.1375,740.5,746.8,766.375,762.5,769.4,0.975,0.3,1.6,75.375,54.0,91.0,3.25,1,7,0.0,0.0,0.0,12.571428571428571,7.0,16.0,-1.9714285714285715,-5.1,0.7,6.325,4.8,6.8,-3.1875,-5.9,-0.6,0.0,0.1300617,0.1199382999999999,1
191,2021-02-13,0.1181633,0.1509963,0.131988,0.1116695,-3.25792,-3.14854,-3.14292,-2.66667,10,48,-2.45,-6.5,2.4,745.45,743.5,746.9,768.0375,766.0,769.4,-0.05,-1.2,1.8,91.25,84.0,100.0,2.25,0,5,0.0,0.0,0.0,7.625,4.0,10.0,-5.175000000000001,-6.6,-4.9,3.975,2.6,4.8,-3.7,-8.0,1.4,0.0,0.131988,0.1180119999999999,1
192,2021-02-14,0.1168864,0.150435,0.1320813,0.1122962,-3.81562,-3.48083,-3.20083,-2.46062,10,48,-9.675,-12.1,-6.9,745.2125,744.1,746.5,768.3375,767.5,769.2,-0.2875,-1.1,0.2,73.125,57.0,99.0,3.375,2,4,0.0,0.0,0.0,8.375,6.0,9.0,-10.0,-12.1,-6.9,-3.2,-6.3,2.6,-13.8125,-18.4,-7.8,0.0,0.1320813,0.1179186999999999,1
193,2021-02-15,0.1144351,0.1486138,0.1311929,0.11219,-4.7275,-4.19604,-3.64687,-2.52562,10,48,-13.375,-15.4,-10.9,741.025,739.9,742.9,764.5,763.3,766.3,-0.45,-1.2,0.6,56.875,45.0,73.0,2.125,1,5,0.0,0.0,0.0,7.5,5.0,8.0,-16.375,-17.0,-13.5,-9.0125,-10.5,-7.0,-20.3,-21.1,-18.7,0.0,0.1311929,0.1188070999999999,1
194,2021-02-16,0.1121295,0.1465424,0.1297817,0.1115595,-5.66437,-5.02646,-4.29167,-2.8225,10,48,-15.2875,-18.0,-13.0,740.9875000000001,739.6,742.1,764.625,763.3,765.9,0.175,-0.6,0.9,59.5,48.0,83.0,2.875,1,5,0.0,0.0,0.0,8.125,4.0,10.0,-18.0375,-18.2,-17.0,-11.3625,-12.7,-10.5,-21.575,-23.0,-20.2,0.0,0.1297817,0.1202182999999999,1
195,2021-02-17,0.1116592,0.1457126,0.1288502,0.1107892,-5.84646,-5.33979,-4.70521,-3.16417,10,48,-14.6,-17.7,-12.2,742.925,741.8,744.1,766.65,765.4,767.8,0.275,-0.1,0.8,65.625,53.0,84.0,3.625,2,5,0.0,0.0,0.0,9.875,9.0,10.0,-17.914285714285715,-18.2,-17.8,-12.414285714285716,-12.8,-12.0,-19.7375,-24.8,-14.9,0.2,0.1288502,0.1211497999999999,1
196,2021-02-18,0.1117682,0.1456881,0.1285808,0.1104067,-5.74833,-5.31562,-4.78521,-3.35229,10,48,-10.075,-16.8,-5.6,742.475,737.3,745.8,765.85,760.3,769.5,-0.8500000000000001,-2.7,0.6,47.5,31.0,70.0,3.0,1,5,0.0,0.0,0.0,9.0,4.0,12.0,-17.55,-17.8,-17.5,-8.1875,-12.0,-4.8,-19.725,-21.8,-18.3,0.2,0.1285808,0.1214191999999999,1
197,2021-02-19,0.1130167,0.1464926,0.1289117,0.1103389,-5.10562,-4.85979,-4.55146,-3.36542,10,48,-1.0625,-6.4,4.7,730.2125,726.3,736.1,752.4875,748.3,758.8,-1.7,-3.4,0.8,47.75,40.0,51.0,5.25,3,8,0.0,0.0,0.0,13.333333333333334,10.0,16.0,-7.9,-9.5,-7.5,0.9875,-4.8,4.8,-10.85,-16.1,-4.8,0.0,0.1289117,0.1210883,1
198,2021-02-20,0.114471,0.1478665,0.1298237,0.1107211,-4.46125,-4.25562,-4.05875,-3.145,10,48,-5.0875,-7.4,-2.6,733.25,732.2,734.5,755.65,754.6,756.9,-0.035416666666666596,-0.95,0.9,69.125,35.0,94.0,2.375,1,3,0.0,0.0,0.0,9.5,6.0,14.0,-7.475,-7.6,-6.8,2.8666666666666667,-1.8,4.8,-10.5125,-16.0,-5.3,2.0,0.1298237,0.1201763,1
199,2021-02-21,0.1152928,0.1486735,0.1305529,0.1111764,-4.11167,-3.91729,-3.72875,-2.91708,10,48,-5.2125,-9.4,-1.6,734.6125,732.4,739.8,757.15,754.8,762.6,-0.035416666666666596,-0.95,0.9,75.5,60.0,89.0,2.5,0,4,0.0,0.0,0.0,7.0,5.0,8.0,-7.1375,-9.6,-6.2,-1.4,-1.8,-1.1,-9.0,-11.0,-7.3,0.0,0.1305529,0.1194470999999999,1
200,2021-02-22,0.114981,0.1486737,0.1307953,0.111554,-4.28937,-3.96417,-3.65208,-2.76542,10,48,-9.175,-12.4,-7.3,744.9,740.7,748.1,768.0625,763.4,771.6,0.775,0.4,1.2,57.75,44.0,84.0,3.625,2,6,0.0,0.0,0.0,10.4,7.0,13.0,-10.625,-14.4,-9.6,-4.08,-6.9,-1.1,-16.2375,-18.7,-9.5,0.0,0.1307953,0.1192046999999999,1
201,2021-02-23,0.1136857,0.1470511,0.1296187,0.1114248,-4.83771,-4.34792,-3.80625,-2.67333,10,48,-12.6,-15.8,-9.3,749.7875,748.6,751.0,773.45,772.1,774.7,0.1625,-1.1,1.1,50.125,38.0,61.0,2.625,1,4,0.0,0.0,0.0,7.875,6.0,11.0,-16.375,-16.8,-14.4,-7.525,-8.7,-6.9,-21.0125,-22.4,-19.5,0.0,0.1296187,0.1203812999999999,1
202,2021-02-24,0.120459,0.1434285,0.121903,0.1105984,-3.05208,-2.78875,-2.5075,-1.77979,10,48,-5.2625,-11.5,-0.1,746.6625,744.4,749.2,769.8375,767.4,772.7,-0.525,-2.2,0.6,39.5,28.0,48.0,3.0,2,4,0.0,0.0,0.0,7.0,4.0,8.0,-15.028571428571428,-16.8,-14.1,-3.425,-8.7,0.7,-17.175,-20.9,-13.5,0.0,0.121903,0.128097,1
203,2021-02-25,0.1220595,0.1444741,0.1223064,0.1104419,-2.66,-2.49375,-2.36,-1.80958,10,48,-7.5125,-10.8,-5.2,749.0,746.5,750.4,772.1125,769.3,773.5,0.525,-0.9,1.7,54.25,41.0,83.0,2.25,1,4,0.0,0.0,0.0,7.0,5.0,8.0,-12.114285714285716,-12.3,-11.5,-0.2875,-3.9,0.7,-15.525,-17.5,-12.9,0.0,0.1223064,0.1276936,1
204,2021-02-26,0.1223967,0.1447687,0.1224989,0.1105835,-2.62417,-2.45417,-2.31333,-1.76896,10,48,-3.85,-8.6,0.3,748.7125,748.0,749.5,771.7,771.1,772.5,-0.0875,-1.2,0.9,48.25,28.0,61.0,2.125,2,3,0.0,0.0,0.0,5.0,5.0,5.0,-9.9125,-12.3,-8.8,-0.9875,-3.9,1.4,-13.675,-16.1,-11.2,0.0,0.1224989,0.1275011,1
205,2021-02-27,0.1380029,0.1501807,0.1245635,0.1116566,-1.64104,-1.7075,-1.85375,-1.61375,10,48,4.814285714285714,-3.1,9.1,743.842857142857,742.0,747.5,766.0714285714286,764.0,770.2,-0.6833333333333332,-2.1,0.6,34.285714285714285,24.0,48.0,5.0,3,7,0.0,0.0,0.0,13.833333333333334,5.0,18.0,-5.05,-8.8,-3.9,6.785714285714286,1.4,9.4,-10.05714285714286,-12.6,-7.4,0.0,0.1245635,0.1254365,1
206,2021-02-28,0.1634306,0.1661706,0.1320219,0.1144273,-0.23167,-0.36875,-0.81333,-1.15979,10,48,-3.175,-9.5,4.6,748.3,744.0,752.8,770.8375,765.9,776.2,1.275,0.4,1.9,75.125,44.0,96.0,3.0,1,4,0.0,0.0,0.0,12.75,9.0,18.0,-4.775,-9.5,-0.3,8.871428571428572,6.5,9.4,-7.3875,-13.4,-2.7,12.6,0.1320219,0.1179780999999999,1
207,2021-03-01,0.1511248,0.1638128,0.132499,0.1158298,-0.84979,-0.67813,-0.80437,-0.91708,10,48,-10.2375,-13.7,-8.2,751.5749999999999,749.3,753.8,775.0375,772.9,777.4,-0.5428571428571428,-2.5,0.8,47.875,37.0,64.0,2.875,1,4,0.0,0.0,0.0,8.857142857142858,8.0,10.0,-11.5,-14.9,-10.1,-6.0600000000000005,-8.0,-4.2,-19.425,-22.0,-14.6,0.5,0.132499,0.1175009999999999,1
208,2021-03-02,0.1407205,0.1550798,0.1293928,0.1156555,-1.89292,-1.58625,-1.36021,-0.985,10,48,-7.8,-15.6,-2.7,747.675,744.9,749.2,771.0375,767.8,772.8,-0.55,-1.2,0.3,44.0,27.0,70.0,1.75,1,3,0.0,0.0,0.0,6.5,4.0,8.0,-16.82857142857143,-17.0,-15.8,-4.9,-8.3,-2.0,-18.7,-20.4,-16.3,0.0,0.1293928,0.1206071999999999,1
209,2021-03-03,0.1410274,0.1533934,0.1276184,0.1147283,-1.78333,-1.685,-1.59562,-1.15062,10,48,1.025,-4.5,4.3,739.9625,737.7,743.5,762.35,759.9,766.3,-0.6875,-2.1,1.1,63.125,38.0,74.0,4.25,2,6,0.0,0.0,0.0,13.571428571428571,7.0,16.0,-7.659999999999999,-10.5,-5.0,1.7625000000000002,-2.0,4.4,-5.4875,-16.7,0.1,0.0,0.1276184,0.1223816,1
210,2021-03-04,0.1628854,0.1763225,0.1377055,0.1239251,-0.57292,-0.63646,-0.81375,-0.80667,10,48,5.7,2.9,9.2,737.5625,736.0,739.3,759.3625000000001,757.6,761.2,-0.1,-1.6,1.3,61.375,51.0,72.0,5.375,4,8,0.0,0.0,0.0,16.125,13.0,18.0,1.2,1.2,1.2,7.2375,4.4,9.4,-1.3125,-3.4,0.7,0.0,0.1377055,0.1122944999999999,1
211,2021-03-05,0.1893715,0.2034596,0.1526413,0.1379278,-0.15021,-0.08146,-0.15813,-0.27167,10,48,-8.2125,-12.3,3.2,750.85,740.5,757.0,773.8,762.4,780.7,2.3,1.0,4.6,62.875,48.0,97.0,4.0,2,6,0.0,0.0,0.0,12.5,11.0,18.0,-8.6625,-12.3,1.2,9.4,9.4,9.4,-14.3375,-20.2,0.9,8.6,0.1526413,0.0973586999999999,1
212,2021-03-06,0.1600762,0.1823109,0.1470363,0.1362782,-1.38625,-0.91104,-0.65521,-0.39208,10,48,-10.5125,-16.4,-7.0,755.9125,752.6,758.5,779.6875,776.1,782.5,-0.55,-2.0,0.9,51.75,31.0,86.0,1.75,1,3,0.0,0.0,0.0,5.375,4.0,9.0,-16.575000000000003,-17.1,-13.2,-6.771428571428571,-8.1,-6.1,-19.15,-21.7,-16.7,0.0,0.1470363,0.1029636999999999,1
213,2021-03-07,0.1547973,0.1705727,0.1402507,0.1331459,-1.76396,-1.4975,-1.15208,-0.59708,10,48,-4.175,-11.0,1.3,749.3125,747.9,751.6,772.425,770.8,775.0,-0.475,-1.4,1.0,41.625,34.0,53.0,3.125,1,5,0.0,0.0,0.0,7.714285714285714,4.0,10.0,-13.400000000000002,-17.1,-11.9,-1.7125,-6.1,2.2,-15.525,-18.9,-12.5,0.0,0.1402507,0.1097492999999999,1
214,2021-03-08,0.1612968,0.1743842,0.140557,0.1315898,-1.0725,-1.03167,-0.98771,-0.60333,10,48,2.3375000000000004,-2.9,6.7,745.8375,742.8,748.6,768.2125,764.9,771.2,-0.75,-2.4,0.0,36.25,26.0,60.0,3.25,2,4,0.0,0.0,0.0,7.5,6.0,10.0,-5.114285714285714,-11.1,-3.4,5.1875,2.2,7.7,-11.5,-16.2,-4.8,0.0,0.140557,0.109443,1
215,2021-03-09,0.1754953,0.1850212,0.1446944,0.1322385,-0.25417,-0.31563,-0.4875,-0.46917,10,48,1.575,-4.1,5.6,745.2,741.4,750.0,767.425,763.4,772.6,0.9,-1.0,2.0,49.25,24.0,70.0,4.625,0,7,0.0,0.0,0.0,14.0,11.0,15.0,-1.7125,-4.1,0.1,7.2875,6.6,7.7,-8.725,-14.6,-4.0,0.0,0.1446944,0.1053055999999999,1
216,2021-03-10,0.198623,0.1900356,0.1470709,0.1328931,-0.14271,-0.18604,-0.33896,-0.43562,10,48,3.75,-5.0,9.7,746.125,742.8,750.1,768.45,764.9,772.6,-0.7875,-2.8,0.6,50.625,24.0,83.0,2.75,1,5,0.0,0.0,0.0,9.857142857142858,6.0,13.0,-5.928571428571429,-6.0,-5.5,8.3,6.6,10.4,-6.9625,-13.6,4.3,0.0,0.1470709,0.1029290999999999,1
217,2021-03-11,0.2497511,0.218886,0.1580288,0.1481181,0.07729,-0.00896,-0.14458,-0.27625,10,48,4.2,0.0,9.1,746.6875,744.6,748.1,768.7875,766.5,770.4,0.55,-0.9,1.3,74.75,48.0,100.0,1.875,1,3,0.0,0.0,0.0,8.166666666666666,5.0,11.0,-0.7285714285714285,-3.9,-0.2,10.0125,9.2,10.4,-0.525,-4.9,3.6,0.0,0.1580288,0.0919711999999999,1
218,2021-03-12,0.2814034,0.2537728,0.178989,0.1840152,0.2816,0.1156,-0.0236,-0.0638,10,48,3.225,-1.9,8.9,747.6875,746.5,748.9,769.925,768.7,771.2,-0.1999999999999999,-1.7,0.7,72.875,53.0,95.0,1.875,0,3,0.0,0.0,0.0,5.375,4.0,6.0,-1.975,-2.1,-1.3,9.2,9.2,9.2,-1.525,-2.8,0.0,0.0,0.178989,0.0710109999999999,1
219,2021-03-13,0.2894009,0.2660011,0.1880082,0.2080677,0.59313,0.28271,0.01375,0.03354,10,48,3.8125,-2.1,9.1,744.15,742.6,745.7,766.2875,764.5,767.9,-0.4875,-1.7,0.3,61.375,32.0,95.0,1.5,0,3,0.0,0.0,0.0,6.166666666666667,4.0,7.0,-2.8875,-3.1,-2.1,9.475,9.2,9.8,-4.175,-7.3,-0.3,0.0,0.1880082,0.0619918,1
220,2021-03-14,0.3118487,0.2908762,0.1946996,0.2086414,0.90208,0.50438,0.04646,0.09375,10,48,7.3875,2.1,12.0,740.05,735.8,742.8,761.8625,757.3,764.8,-0.85,-2.1,0.4,53.875,43.0,62.0,2.75,2,4,0.0,0.0,0.0,6.5,5.0,8.0,0.4125,-3.1,1.6,11.175,9.8,12.5,-1.5499999999999998,-4.6,0.2,0.0,0.1946996,0.0553003999999999,1
221,2021-03-15,0.3234411,0.302197,0.2066858,0.2086107,0.63333,0.42604,0.08167,0.13354,10,48,3.5375,-1.0,8.3,734.525,731.8,737.1,756.2,753.1,759.3,0.1624999999999999,-2.5,2.3,53.375,33.0,97.0,5.125,3,7,0.0,0.0,0.0,16.285714285714285,12.0,18.0,1.05,-1.0,4.9,11.3875,8.6,12.5,-5.7125,-12.6,1.3,1.6,0.2066858,0.0433141999999999,1
222,2021-03-16,0.2717385,0.2914946,0.2130484,0.2020246,0.15958,0.24083,0.09792,0.1525,10,48,-1.4500000000000002,-5.2,2.0,742.1375,738.0,745.0,764.5625,760.2,767.7,1.1,0.2,2.2,40.125,21.0,63.0,3.625,1,6,0.0,0.0,0.0,13.5,12.0,16.0,-3.95,-5.2,-2.2,4.828571428571428,3.0,8.6,-14.1125,-18.1,-11.2,0.0,0.2130484,0.0369515999999999,1
223,2021-03-17,0.2348745,0.2826906,0.2151116,0.1993125,0.06917,0.20688,0.09917,0.15979,10,48,0.5375,-5.5,6.5,746.2125,745.0,747.3,768.7,767.5,769.7,0.2875,-0.8,1.1,38.75,19.0,62.0,1.5,0,3,0.0,0.0,0.0,6.2,3.0,10.0,-6.0875,-6.2,-5.4,5.2,3.0,7.1,-13.2125,-15.8,-9.9,0.0,0.2151116,0.0348884,1
224,2021-03-18,0.227298,0.2790957,0.2164815,0.1975174,0.21354,0.2425,0.09729,0.16188,10,48,1.1375,-6.1,7.1,746.8125,745.9,747.4,769.275,768.4,769.9,-0.1857142857142857,-1.1,0.2,51.375,29.0,81.0,1.5,0,3,0.0,0.0,0.0,5.571428571428571,4.0,6.0,-6.125,-6.2,-6.1,7.3625,7.1,7.7,-8.85,-10.3,-7.0,0.0,0.2164815,0.0335185,1
225,2021-03-19,0.2277792,0.2784961,0.217208,0.196106,0.465,0.36313,0.11292,0.16375,10,48,2.8625,-4.9,8.0,744.6625,742.6,746.4,766.9,764.5,768.7,-0.525,-1.2,0.5,52.5,32.0,87.0,2.125,1,4,0.0,0.0,0.0,5.625,4.0,7.0,-5.3,-6.1,-5.0,8.125,7.7,8.6,-6.6,-8.0,-5.7,0.0,0.217208,0.0327919999999999,0
226,2021-03-20,0.2365261,0.2823311,0.219317,0.1953048,0.51292,0.385,0.12333,0.17271,10,48,1.4,-0.1,2.5,737.45,735.5,740.5,759.475,757.6,762.4,-0.8875,-2.1,0.3,84.375,53.0,100.0,2.375,1,4,0.0,0.0,0.0,6.25,5.0,7.0,-0.8250000000000001,-5.0,1.1,6.76,3.5,8.6,-1.35,-6.1,1.9,13.7,0.219317,0.0306829999999999,0
227,2021-03-21,0.2430526,0.2860498,0.2222908,0.1952487,0.22125,0.25771,0.12417,0.17417,10,48,-0.3624999999999999,-1.7,1.7,737.475,735.1,739.6,759.7375,757.2,762.0,0.5125000000000001,-0.4,1.3,82.625,51.0,100.0,3.75,2,7,0.0,0.0,0.0,9.5,6.0,13.0,-1.5375,-1.7,-0.7,2.3375,2.0,2.6,-3.2875,-7.5,-0.7,17.4,0.2222908,0.0277091999999999,0
228,2021-03-22,0.2515372,0.2879474,0.2234621,0.195469,0.6075,0.43979,0.14938,0.17771,10,48,2.8125,-3.9,7.4,737.6625,733.9,739.9,759.8,755.5,762.2,-0.7125,-2.0,0.6,54.25,34.0,81.0,3.25,2,5,0.0,0.0,0.0,8.666666666666666,7.0,10.0,-3.928571428571429,-4.1,-3.1,5.275,2.5,7.9,-6.2625,-8.3,-3.7,0.0,0.2234621,0.0265378999999999,0
229,2021-03-23,0.2623535,0.2939406,0.2296369,0.1982621,1.51354,0.90292,0.24938,0.18188,10,48,7.8125,3.3,12.3,734.4875,733.1,736.0,756.0625,754.8,757.6,0.2624999999999999,-0.6,1.2,46.625,35.0,60.0,3.75,2,5,0.0,0.0,0.0,10.5,9.0,12.0,2.433333333333333,-0.9,3.1,10.325,7.9,12.4,-3.1625,-6.4,-0.6,0.0,0.2296369,0.0203630999999999,0
230,2021-03-24,0.2730283,0.3000105,0.2362604,0.1980793,1.84958,1.19563,0.385,0.18813,10,48,7.075,2.5,12.6,739.9,736.6,741.6,761.5875,758.2,763.6,0.6,-0.8,2.1,48.125,26.0,68.0,2.625,1,4,0.0,0.0,0.0,8.5,8.0,9.0,2.05,1.8,3.1,12.7875,12.4,13.2,-4.0125,-7.3,-0.6,0.0,0.2362604,0.0137395999999999,0
231,2021-03-25,0.2832575,0.3059463,0.2375782,0.1972814,2.25292,1.42563,0.51167,0.18958,10,48,9.1,5.9,14.5,739.975,737.7,743.7,761.5875,759.4,765.4,0.5857142857142856,-1.0,2.4,41.25,17.0,66.0,3.5,1,8,0.0,0.0,0.0,12.2,7.0,16.0,2.5375,1.8,5.7,14.0,13.2,14.8,-4.2125,-10.3,0.0,0.0,0.2375782,0.0124218,0
232,2021-03-26,0.2734448,0.316136,0.2435098,0.1974667,2.29187,1.36813,0.62188,0.19604,10,48,9.6125,1.2,15.9,739.875,736.5,744.0,761.45,757.9,765.7,-0.8875,-2.6,0.3,56.375,28.0,87.0,3.25,1,6,0.0,0.0,0.0,11.428571428571429,5.0,14.0,0.7714285714285714,0.7,1.2,15.3875,14.8,16.0,0.4125000000000001,-4.0,4.5,0.3,0.2435098,0.01,0
233,2021-03-27,0.2675321,0.322477,0.2530614,0.1986724,5.06125,3.115,1.37083,0.20021,10,48,10.9625,7.6,15.2,734.175,731.2,736.2,755.425,752.5,757.4,-0.675,-1.7,0.3,64.375,48.0,78.0,3.75,1,6,0.0,0.0,0.0,13.166666666666666,13.0,14.0,7.028571428571429,0.7,9.3,15.925,15.8,16.0,4.3375,2.5,6.0,0.1,0.2530614,0.01,0
234,2021-03-28,0.2631053,0.3175642,0.2666215,0.2021453,4.18833,3.02667,1.52438,0.21333,10,48,7.1,4.2,9.1,727.275,725.6,729.6,748.5375,746.9,750.7,-0.475,-1.6,1.0,77.75,63.0,86.0,3.375,2,5,0.0,0.0,0.0,8.857142857142858,5.0,13.0,5.25,4.2,6.3,13.1,9.5,15.8,3.4,-2.4,5.7,0.0,0.2666215,0.01,0
235,2021-03-29,0.2593737,0.3140476,0.2711462,0.2050645,2.12083,1.84187,1.12354,0.21938,10,48,5.875,2.4,9.6,729.5875,727.5,733.3,751.1125,748.9,754.9,0.7375,0.1,1.9,53.0,35.0,75.0,4.625,1,6,0.0,0.0,0.0,14.0,14.0,14.0,2.4875,2.4,3.1,9.65,8.4,10.2,-3.45,-5.6,1.0,0.0,0.2711462,0.01,0
236,2021-03-30,0.2576659,0.3123158,0.2726571,0.2074757,3.87646,2.87062,1.39021,0.23063,10,48,6.925,0.1,11.9,736.7375,734.5,738.1,758.425,756.2,759.7,0.6000000000000001,-0.6,1.8,53.375,28.0,96.0,1.875,0,3,0.0,0.0,0.0,8.125,5.0,11.0,0.0125,0.0,0.1,11.6,10.2,13.1,-3.35,-6.0,-0.2,0.0,0.2726571,0.01,0
237,2021-03-31,0.2531164,0.3094953,0.2764527,0.2098644,3.66812,2.88604,1.58604,0.24542,10,48,10.75,5.2,16.8,740.425,738.4,743.6,761.9625,760.0,765.1,0.6875,-0.1,1.7,37.0,18.0,50.0,3.375,2,5,0.0,0.0,0.0,7.714285714285714,5.0,10.0,3.175,0.0,4.1,15.4625,13.1,17.3,-4.1625,-7.7,-1.6,0.0,0.2764527,0.01,0
238,2021-04-01,0.2512156,0.3080573,0.2768653,0.2113797,4.39333,3.45979,1.92292,0.27417,10,48,12.0125,3.8,17.7,744.125,742.2,746.0,765.625,763.4,767.6,-0.175,-1.6,0.9,40.125,19.0,64.0,2.375,1,3,0.0,0.0,0.0,7.75,7.0,10.0,2.4375,1.9,4.3,17.85,17.3,18.4,-2.1,-6.2,-0.1,0.0,0.2768653,0.01,0
239,2021-04-02,0.2497619,0.3069527,0.2761764,0.2125639,5.48208,4.38458,2.53042,0.33417,10,48,13.9,9.9,16.4,742.0,741.1,743.9,763.2375,762.3,765.3,0.2125,-0.6,1.3,40.0,32.0,63.0,3.875,2,6,0.0,0.0,0.0,11.625,6.0,15.0,9.628571428571428,1.9,11.2,17.787499999999998,16.9,18.4,0.175,-1.9,3.2,0.0,0.2761764,0.01,0
240,2021-04-03,0.2454169,0.3043142,0.2750729,0.2135895,4.05271,3.75104,2.60563,0.40979,10,48,5.9,0.7,8.6,746.7,745.0,748.0,768.5625,766.4,769.9,0.375,-0.9,1.6,30.375,18.0,48.0,3.375,1,6,0.0,0.0,0.0,12.5,10.0,14.0,4.225,0.0,8.1,15.014285714285714,10.0,16.9,-10.925,-14.4,-2.3,0.0,0.2750729,0.01,0
241,2021-04-04,0.237492,0.3005083,0.2729922,0.2144938,2.85313,2.56312,1.87979,0.42604,10,48,5.8625,-4.2,11.5,745.0875,743.3,746.7,767.1625,765.4,768.9,-0.3875,-1.7,0.5,30.75,17.0,64.0,1.75,0,3,0.0,0.0,0.0,6.285714285714286,3.0,8.0,-3.983333333333333,-4.3,-2.5,10.775,9.3,12.2,-11.7875,-13.6,-10.0,0.0,0.2729922,0.01,0
242,2021-04-05,0.2388272,0.3002216,0.2722344,0.2164911,4.29208,3.48812,2.23271,0.465,10,48,12.5125,5.7,19.1,740.8,738.1,743.5,762.225,759.4,765.1,-0.425,-1.8,1.2,25.75,12.0,37.0,4.25,2,8,0.0,0.0,0.0,11.714285714285714,8.0,14.0,5.1,5.1,5.1,16.45,12.2,19.9,-7.449999999999999,-11.0,-4.8,0.0,0.2722344,0.01,0
243,2021-04-06,0.2360557,0.2986059,0.2715404,0.2201136,4.105,3.71271,2.6975,0.58563,10,48,7.625,0.8,13.4,742.8375,741.0,744.1,764.4875,762.4,765.9,0.4625,-0.8,1.6,35.875,16.0,82.0,3.375,1,6,0.0,0.0,0.0,12.25,10.0,14.0,-0.3625,-0.8,2.2,18.3875,13.9,19.9,-8.9125,-13.6,-1.9,0.0,0.2715404,0.01,0
244,2021-04-07,0.2317351,0.2963358,0.2703755,0.2225359,2.88625,2.76396,2.26333,0.65542,10,48,3.4625,-1.7,6.9,746.45,743.5,748.9,768.5875,765.5,771.1,-0.075,-2.0,2.3,24.625,14.0,44.0,3.5,2,5,0.0,0.0,0.0,10.125,10.0,11.0,-1.8571428571428568,-2.1,-0.8,12.0375,7.7,13.9,-15.9375,-20.7,-11.2,0.0,0.2703755,0.01,0
245,2021-04-08,0.230112,0.2951683,0.2693361,0.2212021,2.57667,2.47688,2.01875,0.68042,10,48,3.15,-1.4,7.8,745.9125,743.2,747.1,768.1,765.3,769.5,0.45,-0.7,2.0,28.125,16.0,45.0,2.75,0,5,0.0,0.0,0.0,9.75,8.0,11.0,-3.0625,-3.2,-2.1,8.025,7.7,8.4,-14.7625,-19.8,-11.1,0.0,0.2693361,0.01,0
246,2021-04-09,0.2259852,0.2933653,0.2682438,0.2207989,2.7825,2.43229,1.84875,0.67708,10,48,5.8875,-3.5,12.3,748.5,747.6,749.6,770.75,769.8,772.0,0.15,-1.3,1.3,27.25,13.0,53.0,1.625,1,2,0.0,0.0,0.0,5.25,3.0,9.0,-3.8125,-3.9,-3.2,10.925,8.4,13.3,-13.15,-15.4,-11.7,0.0,0.2682438,0.01,0
247,2021-04-10,0.2311326,0.2947457,0.267966,0.2208847,4.39292,3.525,2.38708,0.76542,10,48,12.9,6.3,18.5,746.1125,744.1,747.9,767.7125,765.6,769.7,-0.45,-1.7,0.6,25.375,18.0,34.0,3.5,2,5,0.0,0.0,0.0,8.428571428571429,5.0,11.0,2.35,-3.9,5.3,16.3875,13.3,18.8,-6.7625,-12.3,-1.1,0.0,0.267966,0.01,0
248,2021-04-11,0.2346872,0.2970345,0.2684715,0.221881,7.19229,5.89958,3.97229,1.12396,10,48,14.5875,10.8,18.8,744.2,743.5,744.9,765.5,764.8,766.2,-0.15,-0.9,0.3,37.5,30.0,45.0,5.25,3,8,0.0,0.0,0.0,13.625,9.0,16.0,9.4875,6.1,10.7,18.9,18.8,19.0,0.1249999999999999,-1.6,2.3,0.0,0.2684715,0.01,0
249,2021-04-12,0.2369949,0.2977834,0.2689679,0.2247049,6.46292,6.09146,4.75625,1.61812,10,48,8.9375,-1.7,16.2,739.9125,737.5,742.4,761.3125,758.6,763.6,-0.2625,-1.4,2.9,56.0,24.0,94.0,5.0,4,7,0.0,0.0,0.0,17.285714285714285,13.0,19.0,7.25,-1.7,11.0,18.2625,17.1,19.0,-1.1625,-4.4,4.3,18.0,0.2689679,0.01,0
250,2021-04-13,0.2409416,0.299395,0.2688037,0.228664,3.2375,3.44729,3.22188,1.58583,10,48,0.4125,-4.7,3.7,740.6875,738.1,742.1,762.9375,760.2,764.6,-0.4125,-1.2,0.6,50.0,25.0,89.0,3.625,2,6,0.0,0.0,0.0,11.125,10.0,15.0,-4.514285714285714,-4.7,-3.4,7.875,4.5,17.1,-10.175,-14.7,-6.1,12.3,0.2688037,0.01,0
251,2021-04-14,0.2387353,0.2981841,0.2683306,0.2297309,3.51146,3.17125,2.58833,1.30208,10,48,4.9125,0.6,9.3,737.7125,736.6,738.6,759.6625,758.7,760.5,-0.0749999999999999,-1.3,1.6,31.625,13.0,58.0,3.375,1,5,0.0,0.0,0.0,11.0,10.0,12.0,0.0833333333333333,-2.0,0.5,7.45,4.5,9.8,-11.825,-17.7,-6.9,0.0,0.2683306,0.01,0
252,2021-04-15,0.2365956,0.2969123,0.2678274,0.2295561,4.32604,3.63292,2.74479,1.31479,10,48,12.5,5.4,18.8,734.125,731.9,736.6,755.4625,753.1,758.2,-0.575,-2.0,1.0,26.125,20.0,31.0,3.875,2,7,0.0,0.0,0.0,13.333333333333334,5.0,16.0,2.675,0.5,5.2,15.55,9.8,19.4,-6.55,-10.7,-1.6,0.0,0.2678274,0.01,0
253,2021-04-16,0.2370605,0.2965112,0.2678104,0.2295758,4.46438,4.23271,3.42396,1.57,10,48,6.1375,4.0,9.0,731.15,729.7,733.6,752.5625,750.9,755.4,0.0875,-1.8,2.3,53.25,23.0,72.0,6.25,4,8,0.0,0.0,0.0,16.875,15.0,18.0,3.5125,2.7,5.7,17.183333333333334,11.4,19.4,-3.3875,-11.0,0.3,3.7,0.2678104,0.01,0
254,2021-04-17,0.2455326,0.2976498,0.267579,0.22896,3.91812,3.68875,3.03333,1.57708,10,48,3.55,0.2,6.1,737.8875,734.2,741.1,759.8,755.9,763.3,0.9375,0.4,1.8,72.75,51.0,91.0,1.875,0,3,0.0,0.0,0.0,10.125,6.0,16.0,2.3875,0.2,2.7,7.916666666666667,7.0,9.0,-1.15,-5.9,2.9,0.8,0.267579,0.01,0
255,2021-04-18,0.2453947,0.2975138,0.2674091,0.2285126,4.89854,4.09021,3.04479,1.51479,10,48,8.175,-1.5,15.0,738.225,734.1,741.4,760.0125,755.4,763.3,-0.875,-2.4,0.4,55.25,25.0,96.0,2.625,0,4,0.0,0.0,0.0,7.571428571428571,6.0,9.0,-2.028571428571429,-2.1,-1.6,11.6625,7.0,15.7,-2.1375,-4.9,1.1,0.3,0.2674091,0.01,0
256,2021-04-19,0.2452729,0.2982676,0.267805,0.2283666,7.20854,6.07604,4.43792,1.91812,10,48,13.575,8.7,20.8,735.6625,732.1,741.9,756.8375,753.3,763.2,0.975,-1.8,3.0,31.25,23.0,41.0,3.125,2,5,0.0,0.0,0.0,9.875,8.0,12.0,5.871428571428572,0.0,7.3,19.05,15.7,21.7,-3.5,-8.2,-0.5,0.0,0.267805,0.01,0
257,2021-04-20,0.2426669,0.2971107,0.2674422,0.2283643,6.74563,6.13875,5.02125,2.53417,10,48,11.225,1.4,16.3,743.8125,742.7,745.1,765.3375,764.2,766.6,0.1249999999999999,-1.3,1.5,25.875,13.0,57.0,1.75,1,3,0.0,0.0,0.0,7.6,5.0,12.0,2.071428571428572,1.2,7.1,20.0375,17.4,21.7,-9.3375,-12.2,-5.5,0.0,0.2674422,0.01,0
258,2021-04-21,0.2403987,0.2990058,0.2619654,0.2294775,6.53333,5.60604,4.42792,2.33417,10,48,18.6875,11.6,25.5,741.4875,739.9,742.3,762.5625,760.8,763.6,-0.075,-1.7,1.4,26.0,17.0,37.0,4.125,2,7,0.0,0.0,0.0,11.0,6.0,14.0,9.385714285714286,1.2,11.3,22.3375,17.4,26.0,-1.6875,-8.7,5.0,0.0,0.2619654,0.01,0
259,2021-04-22,0.231937,0.304872,0.2468913,0.2338725,5.30271,4.75792,3.79958,1.94583,10,48,17.1,13.8,22.3,742.7125,742.0,743.5,763.7,762.8,764.5,0.15,-1.0,0.8,34.0,23.0,55.0,3.5,1,7,0.0,0.0,0.0,12.75,11.0,14.0,12.95,11.6,13.4,24.9875,22.6,26.0,0.5749999999999998,-6.4,7.0,0.5,0.2468913,0.01,0
260,2021-04-23,0.2327545,0.3045354,0.2466301,0.2336968,5.32813,4.87583,4.03208,2.31208,10,48,11.6125,10.5,12.8,747.0375,744.8,748.1,768.525,766.0,769.8,0.575,-0.6,1.4,76.375,51.0,93.0,1.125,1,2,0.0,0.0,0.0,7.5,3.0,13.0,10.7,10.4,11.9,20.8,15.4,22.6,7.4,2.1,9.7,4.7,0.2466301,0.01,0
261,2021-04-24,0.2310498,0.3033783,0.245905,0.2330249,4.36583,4.31563,3.84125,2.47042,10,48,7.3125,1.2,11.4,749.225,747.8,750.9,771.15,769.5,772.9,0.2125,-1.3,1.8,58.5,20.0,96.0,3.0,0,6,0.0,0.0,0.0,9.857142857142858,5.0,11.0,5.637499999999999,1.1,9.0,12.7875,11.6,13.3,-1.825,-10.8,8.9,0.0,0.245905,0.01,0
262,2021-04-25,0.2286421,0.3024797,0.2448523,0.2318861,4.45396,4.08042,3.47646,2.35396,10,48,9.9375,-1.5,17.1,747.325,745.0,749.5,769.2375,766.5,771.6,-0.6000000000000001,-2.4,0.5,30.875,13.0,65.0,1.875,1,3,0.0,0.0,0.0,9.375,4.0,12.0,-1.5166666666666668,-1.6,-1.1,15.125,11.6,17.9,-8.925,-11.5,-6.3,0.0,0.2448523,0.01,0
263,2021-04-26,0.2266398,0.3023333,0.2449333,0.2313789,5.22167,4.71271,3.91667,2.49854,10,48,15.6125,8.3,21.2,739.7125,736.7,743.8,760.8874999999999,757.8,765.3,-1.0125,-2.4,0.2,22.125,10.0,36.0,3.75,2,5,0.0,0.0,0.0,8.428571428571429,5.0,11.0,3.0571428571428574,-1.6,4.9,20.125,17.9,22.4,-7.399999999999999,-12.2,-1.1,0.0,0.2449333,0.01,0
264,2021-04-27,0.2245622,0.3017448,0.2450425,0.2312528,5.56271,5.18937,4.42021,2.82813,10,48,12.15,9.9,15.8,734.9,733.5,736.6,755.9625,754.8,757.5,-0.3125,-1.4,0.7,63.5,44.0,84.0,3.875,2,6,0.0,0.0,0.0,13.166666666666666,12.0,14.0,9.525,4.9,11.0,21.0,17.1,22.4,5.0625,1.5,7.4,2.9,0.2450425,0.01,0
265,2021-04-28,0.2217882,0.2995854,0.2437848,0.2306384,4.57792,4.55438,4.13937,2.95625,10,48,10.1125,6.9,12.8,734.4875,734.1,735.1,755.825,755.3,756.6,-3.469446951953614e-18,-0.7,0.7,33.0,14.0,63.0,4.5,1,9,0.0,0.0,0.0,15.428571428571429,9.0,19.0,6.8,6.6,8.2,15.825,13.7,17.1,-7.225,-14.1,1.4,1.2,0.2437848,0.01,0
266,2021-04-29,0.2206263,0.2983352,0.2427528,0.2296043,4.55,4.33437,3.87104,2.87854,10,48,10.5625,6.4,15.7,730.6374999999999,729.0,732.4,751.8,750.0,753.7,-0.3875,-2.0,1.9,49.875,23.0,91.0,3.0,1,6,0.0,0.0,0.0,12.875,8.0,16.0,6.8375,6.4,7.1,15.625,13.7,16.9,-1.6875,-10.0,5.3,5.2,0.2427528,0.01,0
267,2021-04-30,0.225353,0.2983086,0.2422482,0.2286907,3.84646,3.88146,3.64167,2.85229,10,48,6.8625,4.0,10.6,733.1,731.2,735.1,754.625,752.8,756.7,0.425,-0.4,1.5,71.5,49.0,87.0,2.0,1,3,0.0,0.0,0.0,7.714285714285714,7.0,12.0,3.9125,3.9,4.0,12.86,10.6,16.9,1.625,0.1,3.3,7.5,0.2422482,0.01,0
268,2021-05-01,0.2264093,0.300121,0.2421452,0.2276994,4.54917,4.15708,3.53458,2.69271,10,48,9.175,2.0,14.0,736.075,734.4,739.2,757.6125,756.0,760.7,0.5625,-0.3,1.9,55.875,29.0,92.0,2.25,1,4,0.0,0.0,0.0,7.375,5.0,9.0,1.9142857142857144,1.6,3.8,12.85,10.8,14.4,-0.2375,-3.7,1.3,0.0,0.2421452,0.01,0
269,2021-05-02,0.2257557,0.301233,0.2428881,0.2276477,5.47208,5.00312,4.17958,2.91646,10,48,11.5375,2.2,17.3,739.7375,738.3,741.5,761.225,759.5,763.0,-0.1124999999999999,-1.4,0.9,54.0,30.0,95.0,1.875,1,3,0.0,0.0,0.0,7.166666666666667,4.0,9.0,1.1833333333333331,1.1,1.6,16.0125,14.4,17.9,1.225,-0.4,3.9,0.0,0.2428881,0.01,0
270,2021-05-03,0.2225899,0.3001734,0.2428017,0.2277584,5.65188,5.26,4.57104,3.29563,10,48,15.75,10.8,20.2,734.4125,732.6,737.2,755.375,753.5,758.2,-0.575,-1.4,0.8,33.875,24.0,47.0,4.125,2,7,0.0,0.0,0.0,11.375,6.0,14.0,9.585714285714287,2.3,10.8,19.1625,17.9,20.6,-0.4875,-2.1,1.5,0.0,0.2428017,0.01,0
271,2021-05-04,0.2203015,0.2998227,0.2427909,0.2276554,6.17021,5.7825,5.00542,3.60708,10,48,12.475,9.6,15.6,732.6125,731.0,734.1,753.625,752.0,755.0,-0.2875,-1.4,1.1,53.125,35.0,80.0,4.25,3,6,0.0,0.0,0.0,14.428571428571429,11.0,17.0,9.95,9.5,10.8,19.887500000000003,17.3,20.6,2.7,-1.7,6.5,0.4,0.2427909,0.01,0
272,2021-05-05,0.2159215,0.2972913,0.2416613,0.2272092,5.435,5.31687,4.87,3.82917,10,48,12.7125,9.2,16.9,729.675,728.7,731.5,750.725,749.8,752.5,0.0125,-1.7,1.7,39.0,25.0,62.0,4.75,2,6,0.0,0.0,0.0,14.0,13.0,15.0,9.0,9.0,9.0,17.428571428571427,17.3,17.6,-1.4625,-3.9,2.6,0.0,0.2416613,0.01,0
273,2021-05-06,0.2159072,0.2977012,0.2412343,0.226409,6.45458,5.83125,5.01021,3.88354,10,48,18.1875,10.5,25.5,729.05,726.8,730.9,749.7625,747.4,751.9,-0.2624999999999999,-1.5,1.7,31.375,15.0,53.0,4.125,1,9,0.0,0.0,0.0,15.714285714285714,9.0,19.0,8.5625,8.5,9.0,22.625,17.6,26.2,-0.2999999999999999,-4.5,4.4,0.0,0.2412343,0.01,0
274,2021-05-07,0.2134746,0.2967182,0.2415698,0.2266242,6.22208,6.13792,5.60563,4.28667,10,48,10.725,9.0,12.6,725.8625,724.7,727.3,746.725,745.6,748.5,-0.4375,-2.5,1.9,70.5,56.0,81.0,3.5,2,5,0.0,0.0,0.0,12.375,10.0,19.0,8.6375,8.4,8.7,23.1,13.8,26.2,5.45,4.1,6.8,12.1,0.2415698,0.01,0
275,2021-05-08,0.222936,0.2951496,0.2399392,0.2256623,4.85479,5.03479,4.93271,4.31292,10,48,7.3125,5.8,9.4,724.0125,721.0,729.1,745.1875,742.0,750.5,0.3999999999999999,-3.2,2.5,81.0,62.0,93.0,5.625,5,7,0.0,0.0,0.0,12.25,10.0,14.0,6.8875,5.5,8.4,11.816666666666668,9.5,13.3,4.15,2.0,6.3,24.1,0.2399392,0.0100608,0
276,2021-05-09,0.2423711,0.3052104,0.2413846,0.2249803,5.46146,5.1625,4.70312,4.07958,10,48,10.25,4.5,16.1,733.75,730.3,736.7,755.2125,751.9,758.2,0.95,0.3,1.5,59.375,34.0,90.0,3.125,0,5,0.0,0.0,0.0,10.714285714285714,10.0,11.0,4.3500000000000005,4.2,5.4,15.25,10.1,16.7,1.5375,-0.7,5.1,0.8,0.2413846,0.01,0
277,2021-05-10,0.2334828,0.3035818,0.2403113,0.2178843,3.44313,3.58062,3.42146,2.97313,10,48,12.75,3.7,18.4,737.9125,737.1,739.5,759.225,758.5,760.7,0.35,-0.6,1.5,49.625,28.0,82.0,2.375,1,4,0.0,0.0,0.0,9.142857142857142,5.0,13.0,3.6,3.6,3.6,18.5375,16.7,19.9,1.15,-0.9,4.2,0.4,0.2403113,0.01,0
278,2021-05-11,0.250643,0.3055262,0.2561226,0.2138479,5.94298,5.57229,4.75173,3.85216,10,48,16.849999999999998,7.4,22.4,737.4375,733.9,740.4,758.475,754.5,761.5,-0.7,-2.9,0.6,44.25,19.0,91.0,3.0,1,5,0.0,0.0,0.0,9.0,4.0,13.0,4.533333333333334,3.7,4.7,21.475,19.9,22.9,2.2375,-2.8,6.2,0.2,0.2561226,0.01,0
279,2021-05-12,0.2549049,0.3040446,0.268123,0.2148017,9.15021,8.57458,7.41771,5.77792,10,48,17.75,13.8,22.1,734.25,733.0,735.5,755.0125,753.6,756.4,0.2,-1.0,1.3,37.0,15.0,68.0,5.0,2,7,0.0,0.0,0.0,14.0,11.0,15.0,12.028571428571428,7.4,12.8,22.9375,22.9,23.0,0.8250000000000002,-6.1,8.4,1.2,0.268123,0.01,0
280,2021-05-13,0.2469839,0.302155,0.2670791,0.2152189,9.28542,8.76646,7.61854,6.09583,10,48,18.75,13.2,23.6,736.675,735.4,737.7,757.475,756.1,758.5,0.1875,-1.4,1.1,52.625,27.0,87.0,3.0,2,4,0.0,0.0,0.0,9.875,7.0,15.0,12.975,12.8,13.0,23.65,23.0,24.4,7.6625,3.2,11.1,0.0,0.2670791,0.01,0
281,2021-05-14,0.2422897,0.3011006,0.2683673,0.2155347,10.36146,9.81521,8.69396,6.86,10,48,20.3125,14.6,24.7,734.5125,732.0,737.2,755.15,752.5,758.0,-0.525,-1.7,0.8,58.0,49.0,71.0,3.125,2,4,0.0,0.0,0.0,9.8,9.0,11.0,13.0,13.0,13.0,24.55,24.4,24.8,11.6375,8.7,13.6,0.0,0.2683673,0.01,0
282,2021-05-15,0.2391293,0.2985041,0.2678961,0.2155064,9.51125,9.52146,8.9,7.37833,10,48,13.025,7.4,19.1,736.3125,733.3,737.8,757.3,753.8,759.3,0.625,-0.7,1.7,67.25,42.0,96.0,2.625,1,6,0.0,0.0,0.0,9.714285714285714,5.0,12.0,11.075,7.2,13.4,24.183333333333334,21.1,24.8,6.65,0.9,12.4,2.8,0.2678961,0.01,0
283,2021-05-16,0.239341,0.2986904,0.2668658,0.2143472,10.26896,9.7025,8.66667,7.31417,10,48,14.9625,7.6,22.9,734.9875,732.8,737.2,756.0625,753.7,758.6,-0.55,-1.8,0.4,42.5,14.0,80.0,1.125,0,3,0.0,0.0,0.0,5.166666666666667,3.0,7.0,7.2,7.2,7.2,20.625,14.7,23.7,-0.0374999999999999,-6.6,4.4,0.0,0.2668658,0.01,0
284,2021-05-17,0.2360339,0.2991369,0.2677791,0.2145433,11.48667,10.81979,9.53729,7.71271,10,48,20.3,12.4,27.1,732.9142857142857,731.8,733.9,753.5428571428572,752.4,754.7,0.1999999999999999,-0.5,0.7,31.285714285714285,12.0,60.0,2.7142857142857144,2,4,0.0,0.0,0.0,7.428571428571429,6.0,8.0,8.120000000000001,7.2,8.6,26.014285714285712,23.7,27.9,0.4714285714285714,-4.7,4.9,0.0,0.2677791,0.01,0
285,2021-05-18,0.2317737,0.2990565,0.268711,0.2150914,12.54479,11.82208,10.44542,8.33104,10,48,24.7625,17.8,31.1,730.9875,729.1,732.5,751.225,749.2,752.9,-0.3,-1.5,1.2,21.25,12.0,30.0,4.0,2,6,0.0,0.0,0.0,11.125,8.0,14.0,16.125,11.6,17.5,29.8125,27.9,31.6,0.6,-1.6,2.3,0.0,0.268711,0.01,0
286,2021-05-19,0.228535,0.2999081,0.2699987,0.215756,14.04021,13.17083,11.51229,9.025,10,48,24.3875,18.9,30.0,731.55,730.2,732.8,751.775,750.4,753.1,0.25,-1.0,1.3,31.75,21.0,39.0,4.875,3,7,0.0,0.0,0.0,14.0,13.0,15.0,18.5125,17.5,18.8,31.1125,30.3,31.6,6.1125,4.7,8.8,0.0,0.2699987,0.01,0
287,2021-05-20,0.2233634,0.298711,0.2705586,0.2168641,14.40229,13.72708,12.26167,9.77188,10,48,23.3625,19.5,27.4,732.0875,731.2,732.6,752.35,751.5,752.8,-0.0125,-0.5,0.7,41.75,32.0,51.0,4.125,3,6,0.0,0.0,0.0,14.0,13.0,15.0,19.175,18.8,19.3,29.75,28.5,30.3,9.4,8.5,10.3,0.0,0.2705586,0.01,0
288,2021-05-21,0.2192748,0.2972806,0.2702498,0.2168564,14.54333,13.92104,12.56792,10.25271,10,48,22.7375,15.5,29.0,732.2375,731.2,732.9,752.6375,751.6,753.4,0.0124999999999999,-0.9,0.7,44.0,24.0,75.0,3.375,2,5,0.0,0.0,0.0,9.0,8.0,11.0,15.45,15.3,16.5,29.0875,28.5,29.8,8.7375,6.4,12.1,0.0,0.2702498,0.01,0
289,2021-05-22,0.215342,0.2961916,0.2701997,0.2168158,14.85146,14.25833,12.95917,10.66729,10,48,24.8375,18.0,31.3,731.875,730.4,733.0,752.1125,750.7,753.3,-0.125,-1.2,1.0,46.25,22.0,74.0,3.875,2,6,0.0,0.0,0.0,11.571428571428571,9.0,14.0,17.1875,15.3,17.8,30.9,29.8,32.0,11.375,7.1,13.6,0.0,0.2701997,0.01,0
290,2021-05-23,0.2067391,0.2899224,0.2680437,0.2164996,11.93292,12.54813,12.44146,10.95979,10,48,16.025,11.2,21.8,732.5,731.5,733.3,753.0625,751.6,754.2,0.1624999999999999,-0.7,0.7,69.0,38.0,92.0,3.875,2,7,0.0,0.0,0.0,12.875,10.0,14.0,14.9,11.1,20.2,29.642857142857142,23.7,32.0,9.5875,5.6,13.2,24.0,0.2680437,0.01,0
291,2021-05-24,0.2153219,0.2897871,0.2598585,0.2160904,10.38187,11.05604,11.4475,11.38458,10,48,12.25,8.4,15.6,730.8125,729.9,731.8,751.9375,751.0,753.1,-0.375,-1.1,0.2,54.375,30.0,93.0,4.25,2,7,0.0,0.0,0.0,13.625,9.0,17.0,10.2125,7.8,10.9,17.439999999999998,17.2,18.4,2.3875,-1.9,9.8,4.4,0.2598585,0.01,0
292,2021-05-25,0.2217799,0.293039,0.2558096,0.2151678,12.36333,12.4325,12.31167,12.2675,10,48,14.5,6.0,19.6,729.1875,728.8,729.8,750.175,749.8,750.6,-0.0125,-1.1,0.9,34.375,15.0,73.0,2.875,0,5,0.0,0.0,0.0,10.0,5.0,15.0,4.566666666666666,4.3,5.9,18.8125,17.2,20.1,-3.6,-8.1,1.5,0.0,0.2558096,0.01,0
293,2021-05-26,0.2242344,0.2959549,0.2569433,0.2143602,14.75458,14.27375,13.19146,12.01896,10,48,15.625,11.1,19.8,729.525,728.8,730.4,750.3,749.5,751.3,0.0749999999999999,-0.9,0.9,40.625,18.0,75.0,3.375,3,5,0.0,0.0,0.0,9.0,9.0,9.0,12.271428571428572,6.1,13.8,20.27142857142857,20.1,20.5,0.8374999999999999,-5.2,7.0,0.0,0.2569433,0.01,0
294,2021-05-27,0.2257299,0.2904156,0.2585461,0.2117115,14.78173,14.47635,13.51788,12.0025,10,48,16.6125,9.5,21.8,728.3625,727.0,729.4,749.15,747.8,750.4,-0.275,-1.3,0.8,45.125,22.0,82.0,2.125,1,3,0.0,0.0,0.0,7.4,7.0,9.0,7.8428571428571425,7.6,9.3,21.7,20.5,23.0,3.0,-0.8,6.7,0.0,0.2585461,0.01,0
295,2021-05-28,0.2240378,0.2848886,0.2585271,0.2097537,16.43083,16.37146,15.73771,14.22833,10,48,15.5375,12.9,18.9,728.825,728.0,729.8,749.5625,748.6,750.7,0.1999999999999999,-1.1,1.2,57.375,41.0,73.0,2.125,1,3,0.0,0.0,0.0,7.125,5.0,8.0,12.275,7.6,13.7,21.85,19.1,23.0,6.8875,3.3,8.7,0.0,0.2585271,0.01,0
296,2021-05-29,0.2226095,0.2838693,0.2566856,0.2105786,16.49175,16.16722,15.05608,13.55794,10,48,15.6875,8.0,22.7,731.7375,729.7,733.5,752.625,750.7,754.4,0.4624999999999999,-0.5,1.2,54.625,23.0,100.0,2.0,1,4,0.0,0.0,0.0,8.125,6.0,9.0,7.1375,6.9,8.8,21.4875,19.1,23.6,4.6,0.4,8.0,0.0,0.2566856,0.01,0
297,2021-05-30,0.2125564,0.2790195,0.2554006,0.2149617,18.54208,18.34021,17.27958,15.33188,10,48,17.4125,13.5,21.6,734.2,733.2,735.7,755.0,753.9,756.4,0.2142857142857142,-0.5,0.8,52.375,35.0,68.0,2.5,1,5,0.0,0.0,0.0,9.0,7.0,10.0,9.6,6.9,10.3,23.3125,22.8,23.6,7.2,3.6,10.6,1.2000000000000002,0.2554006,0.01,0
298,2021-05-31,0.2112511,0.2803741,0.2547755,0.2151126,19.82,19.10792,17.33438,14.94729,10,48,21.0,13.6,25.9,735.0375,733.6,736.3,755.6875,754.1,757.3,-0.25,-1.2,0.6,43.25,26.0,72.0,2.625,1,4,0.0,0.0,0.0,7.714285714285714,4.0,10.0,12.885714285714286,12.8,13.4,24.6875,22.8,26.4,7.0125,4.9,9.0,0.4,0.2547755,0.01,0
299,2021-06-01,0.2078038,0.2769386,0.2559351,0.2149649,19.35312,19.61437,18.97042,16.83708,10,48,17.3,11.3,23.1,735.1125,734.1,737.4,755.8375,754.6,758.5,0.4625,-0.4,1.3,64.0,28.0,96.0,3.0,0,6,0.0,0.0,0.0,12.5,12.0,13.0,14.025,11.2,14.7,25.5875,23.5,26.4,9.125,3.6,14.3,23.6,0.2559351,0.01,0
300,2021-06-02,0.2253619,0.2777233,0.2533471,0.2134055,16.37625,16.92375,17.16729,16.54417,10,48,14.225,13.2,16.0,733.8625,730.7,736.9,754.8125,751.6,757.7,-0.6875,-1.6,1.2,92.25,67.0,100.0,3.0,1,4,0.0,0.0,0.0,8.5,7.0,12.0,10.7,10.7,10.7,20.15,16.8,23.5,12.9,7.2,15.7,256.0,0.2533471,0.01,0
301,2021-06-03,0.2709721,0.2982799,0.2572769,0.2123401,15.30021,15.72875,15.83271,15.65812,10,48,13.55,12.3,15.7,728.5625,726.4,731.2,749.45,747.3,752.1,-0.6875,-1.6,-0.2,78.5,58.0,96.0,3.5,2,5,0.0,0.0,0.0,11.428571428571429,10.0,12.0,11.85,11.7,12.9,16.4375,16.0,16.8,9.6625,6.9,12.3,95.2,0.2572769,0.01,0
302,2021-06-04,0.2636543,0.2958344,0.2568608,0.2129283,14.44333,14.50979,14.20917,14.00396,10,48,14.1375,10.3,18.5,723.2,721.8,725.5,743.95,742.3,746.5,-0.575,-1.2,0.5,83.0,59.0,97.0,2.75,1,5,0.0,0.0,0.0,10.375,7.0,12.0,9.6125,9.5,10.4,18.725,16.7,20.3,11.1,9.6,12.5,2.6,0.2568608,0.01,0
303,2021-06-05,0.2616929,0.2932954,0.2583893,0.2128619,16.01688,16.02208,15.54687,14.81542,10,48,14.8375,12.4,17.9,724.3875,721.0,728.7,745.125,741.7,749.5,0.8625,-0.8,2.0,81.875,62.0,100.0,2.75,1,5,0.0,0.0,0.0,9.375,8.0,10.0,11.775,9.5,12.4,18.83333333333333,18.1,20.3,11.5375,10.3,12.7,34.7,0.2583893,0.01,0
304,2021-06-06,0.2564847,0.2932942,0.2563004,0.2139054,15.52563,15.32812,14.42521,13.2625,10,48,16.55,12.8,21.5,732.6625,729.4,736.6,753.525,750.2,757.5,0.9875,0.1,2.1,76.875,47.0,98.0,2.0,1,3,0.0,0.0,0.0,6.125,5.0,9.0,12.5,12.4,12.6,19.825,18.1,21.7,12.025,9.7,13.1,0.0,0.2563004,0.01,0
305,2021-06-07,0.2522103,0.2927851,0.2575418,0.2144826,18.84583,17.90375,16.01437,13.84854,10,48,18.7375,11.7,24.5,738.125,736.4,739.5,758.9875,757.4,760.3,0.3625,-0.5,1.1,66.0,38.0,100.0,1.125,1,2,0.0,0.0,0.0,7.285714285714286,5.0,9.0,10.585714285714284,10.4,11.7,23.8,21.7,25.7,11.225,9.3,13.4,32.0,0.2575418,0.01,0
306,2021-06-08,0.246744,0.2916279,0.2593109,0.2159714,20.85333,20.14,18.29646,15.20833,10,48,22.125,13.8,27.2,739.3375,738.0,740.8,760.025,758.5,761.5,-0.0333333333333333,-1.3,0.7,52.0,34.0,82.0,2.375,1,4,0.0,0.0,0.0,5.2,4.0,7.0,12.6,10.4,13.1,26.625,25.7,27.7,11.075,10.0,13.6,0.0,0.2593109,0.01,0
307,2021-06-09,0.2403992,0.2887818,0.2599427,0.216696,21.65875,21.24292,19.82333,16.84333,10,48,23.025,20.2,25.1,737.85,737.2,738.6,758.35,757.8,759.1,-0.0499999999999999,-0.6,0.6,63.125,57.0,70.0,2.75,1,4,0.0,0.0,0.0,7.5,5.0,8.0,18.775,13.1,20.0,27.2375,26.1,27.7,15.6,13.6,17.2,0.0,0.2599427,0.01,0
308,2021-06-10,0.2349276,0.2846393,0.2595593,0.2162958,21.08229,21.16167,20.485,18.23938,10,48,20.275,18.9,21.6,735.8375,734.1,737.5,756.3875,754.6,758.0,-0.3142857142857143,-1.3,0.3,86.125,72.0,97.0,2.25,1,3,0.0,0.0,0.0,7.375,6.0,8.0,18.95,18.2,20.4,25.0875,23.0,26.1,17.8,16.2,18.8,31.0,0.2595593,0.01,0
309,2021-06-11,0.2375693,0.2858601,0.2547589,0.2164538,18.91521,18.38167,17.17062,15.33708,10,48,22.0875,18.1,25.9,734.45,734.0,735.4,754.9875,754.5,755.9,0.125,-0.3,0.8,76.25,55.0,95.0,2.5,1,4,0.0,0.0,0.0,7.375,6.0,8.0,18.0125,18.0,18.1,24.175,21.8,26.3,17.3875,16.2,18.3,0.0,0.2547589,0.01,0
310,2021-06-12,0.2394498,0.2889558,0.2576241,0.2169346,21.95104,21.23167,19.37042,16.32583,10,48,25.6125,20.4,30.1,735.425,734.1,736.7,755.7375,754.3,757.1,-0.0428571428571428,-1.1,0.9,61.0,39.0,92.0,3.875,2,5,0.0,0.0,0.0,10.333333333333334,8.0,12.0,19.6125,18.0,20.1,28.775,26.3,31.0,16.7875,14.2,19.1,0.0,0.2576241,0.01,0
311,2021-06-13,0.2351882,0.2876107,0.2606601,0.2170805,24.75792,24.12,22.40937,19.09562,10,48,22.8375,20.6,25.5,733.7375,732.1,735.3,754.0875,752.4,755.8,-0.3124999999999999,-2.3,0.5,70.375,62.0,86.0,3.0,1,5,0.0,0.0,0.0,9.666666666666666,8.0,10.0,20.35,20.1,21.1,29.316666666666663,25.7,31.0,17.075,15.1,18.6,2.8,0.2606601,0.01,0
312,2021-06-14,0.2287966,0.2854545,0.2596303,0.2172777,23.7825,23.49812,22.25833,19.39438,10,48,22.35,19.9,23.9,731.6,730.1,733.0,751.9875,750.4,753.4,-0.325,-1.2,0.9,68.625,58.0,75.0,3.125,2,5,0.0,0.0,0.0,10.6,10.0,11.0,19.725,19.7,19.9,25.35,24.2,25.7,16.2625,14.7,17.2,0.0,0.2596303,0.01,0
313,2021-06-15,0.223486,0.2812158,0.2583209,0.216327,22.58771,22.68458,22.135,20.27937,10,48,20.9125,18.4,22.8,731.7375,730.4,733.0,752.175,750.7,753.5,0.3625,-0.2,1.1,75.125,68.0,88.0,2.875,2,6,0.0,0.0,0.0,12.125,9.0,15.0,18.0875,17.7,19.7,24.0,23.4,24.2,16.3125,13.4,18.3,0.0,0.2583209,0.01,0
314,2021-06-16,0.2238999,0.282849,0.2553039,0.2160612,21.77917,21.29708,19.95104,17.83896,10,48,23.5375,19.3,26.7,732.425,730.4,734.0,752.7875,750.6,754.6,-0.325,-1.3,0.8,67.625,53.0,92.0,3.0,2,5,0.0,0.0,0.0,8.2,7.0,12.0,18.4125,17.7,18.7,25.6125,23.4,27.3,16.875,15.8,18.5,0.0,0.2553039,0.01,0
315,2021-06-17,0.2450107,0.2873591,0.2545024,0.2166598,19.05625,19.45229,19.04833,17.32688,10,48,19.7375,13.8,23.2,729.175,727.5,730.3,749.575,748.0,750.7,-0.3625,-1.1,0.0,74.75,43.0,99.0,3.625,2,6,0.0,0.0,0.0,13.6,11.0,18.0,15.7,13.8,18.7,26.35,23.6,27.3,14.5125,9.8,17.4,71.4,0.2545024,0.01,0
316,2021-06-18,0.2560803,0.2891853,0.2566826,0.2149182,19.40479,19.79771,19.68625,18.86917,10,48,18.025,13.2,24.1,725.575,724.5,726.7,746.0875,745.0,747.3,-0.2125,-1.0,1.0,66.875,39.0,91.0,4.125,2,6,0.0,0.0,0.0,15.5,11.0,18.0,13.1,13.1,13.1,24.0375,23.6,24.6,11.2625,9.3,13.1,11.9,0.2566826,0.01,0
317,2021-06-19,0.2494446,0.2887946,0.2563422,0.2144368,20.79896,20.38542,19.32333,17.94854,10,48,19.675,16.5,23.9,725.8375,725.1,727.3,746.2625,745.4,747.7,0.1875,-0.7,1.5,61.75,42.0,84.0,3.125,2,5,0.0,0.0,0.0,10.5,6.0,15.0,15.671428571428573,13.2,16.8,24.96666666666667,24.6,25.3,11.6875,10.2,13.8,3.4,0.2563422,0.01,0
318,2021-06-20,0.2460581,0.2864068,0.2555926,0.2148283,19.775,19.8125,19.21333,17.64062,10,48,17.6625,15.3,22.4,729.2375,727.3,731.2,749.8625,747.7,751.9,0.4875,-0.1,1.4,82.25,59.0,91.0,1.875,1,3,0.0,0.0,0.0,9.0,7.0,14.0,15.025,14.9,15.9,24.4,23.3,25.3,14.475,12.8,16.9,17.7,0.2555926,0.01,0
319,2021-06-21,0.24452,0.2852029,0.256118,0.2140604,21.35583,21.05354,20.17479,18.68021,10,48,17.5125,14.0,22.3,733.3375,731.5,735.0,754.1,752.3,755.8,0.475,-0.7,1.1,88.25,67.0,100.0,1.875,0,4,0.0,0.0,0.0,7.125,5.0,9.0,13.2125,13.1,14.0,23.225,23.1,23.3,15.4125,14.0,16.4,4.1,0.256118,0.01,0
320,2021-06-22,0.2404702,0.285619,0.2542809,0.2146063,21.07208,20.63833,19.37479,17.43479,10,48,19.6625,15.1,24.2,736.525,735.2,737.5,757.25,755.9,758.2,0.3125,-0.4,1.1,68.625,43.0,97.0,2.375,0,4,0.0,0.0,0.0,7.5,6.0,9.0,13.45,13.1,13.5,24.025,23.1,24.9,12.95,10.7,14.7,0.0,0.2542809,0.01,0
321,2021-06-23,0.2346835,0.2862741,0.2481376,0.216799,18.17396,17.8575,16.73042,14.60437,10,48,20.675,13.4,26.7,737.475,736.6,738.3,758.175,757.3,758.9,-0.0125,-0.8,0.7,64.0,36.0,100.0,1.625,1,3,0.0,0.0,0.0,7.5,6.0,8.0,12.442857142857145,12.3,13.3,25.8875,24.9,26.9,12.325,10.4,14.1,0.0,0.2481376,0.01,0
322,2021-06-24,0.2286416,0.2839874,0.2487877,0.216858,20.11062,19.85875,18.615,16.12167,10,48,22.3125,15.9,27.6,736.35,735.1,737.3,756.875,755.5,757.9,-0.1625,-1.1,0.7,60.375,34.0,94.0,1.75,1,3,0.0,0.0,0.0,5.875,3.0,7.0,13.7,12.3,13.9,27.5625,26.9,28.4,13.225,10.3,15.2,0.0,0.2487877,0.01,0
323,2021-06-25,0.2205361,0.2808372,0.2468292,0.2167047,20.44396,20.19979,19.04458,16.59021,10,48,23.65,16.7,28.2,734.9375,733.3,736.0,755.35,753.6,756.6,-0.1625,-1.1,0.9,58.0,36.0,86.0,2.375,1,4,0.0,0.0,0.0,7.5,5.0,9.0,15.5625,13.9,15.8,28.5125,28.4,28.7,14.225,11.7,16.2,0.0,0.2468292,0.01,0
324,2021-06-26,0.2129183,0.2752818,0.249213,0.2146415,23.77521,23.56958,22.44208,20.10104,10,48,20.2375,17.2,22.9,734.975,734.5,735.7,755.5125,754.9,756.3,0.1125,-0.7,0.5,83.5,70.0,96.0,2.25,1,4,0.0,0.0,0.0,8.428571428571429,6.0,9.0,16.85,15.8,17.0,27.342857142857145,23.0,28.7,17.2375,14.4,19.2,3.0,0.249213,0.01,0
325,2021-06-27,0.2061901,0.2703953,0.2478842,0.2131971,23.20646,23.26063,22.74771,21.08104,10,48,20.7125,18.3,23.8,735.3125,734.0,736.3,755.95,754.6,757.0,-0.075,-1.1,0.8,87.375,73.0,97.0,2.125,0,3,0.0,0.0,0.0,6.142857142857143,5.0,9.0,18.3,17.0,18.7,23.9,23.0,24.5,18.45,17.8,19.4,6.3,0.2478842,0.01,0
326,2021-06-28,0.2060998,0.2713476,0.2429854,0.2124206,22.16958,21.50604,20.14625,18.39042,10,48,22.6,17.6,26.9,733.8375,732.5,734.8,754.3375,752.9,755.4,-0.2,-0.9,0.8,76.0,48.0,100.0,1.5,1,2,0.0,0.0,0.0,4.857142857142857,4.0,6.0,17.2,17.2,17.2,25.65,24.5,27.2,17.7375,15.0,19.6,5.5,0.2429854,0.01,0
327,2021-06-29,0.2003962,0.2700382,0.2413714,0.2119951,22.19646,21.84563,20.60063,18.27437,10,48,22.9875,18.8,27.6,732.5375,731.6,733.6,752.9,751.9,754.0,-0.1625,-0.9,0.6,78.625,52.0,97.0,1.5,0,3,0.0,0.0,0.0,5.75,5.0,6.0,18.5625,17.6,18.7,27.7625,27.2,28.4,18.5875,16.9,19.6,0.5,0.2413714,0.01,0
328,2021-06-30,0.1949896,0.2673771,0.2390335,0.211035,22.19188,21.82896,20.67437,18.35458,10,48,22.625,20.1,26.4,732.3875,731.6,733.5,752.75,751.9,753.9,-0.0125,-1.5,0.7,84.0,69.0,96.0,1.125,0,2,0.0,0.0,0.0,5.714285714285714,4.0,7.0,18.2625,18.2,18.7,28.25,28.0,28.4,19.6875,17.3,21.2,18.0,0.2390335,0.0109664999999999,0
329,2021-07-01,0.2077365,0.2627022,0.2399347,0.2087805,24.26667,24.16625,23.40125,21.39937,10,48,24.1375,19.7,28.1,732.4125,731.4,734.2,752.725,751.6,754.4,0.2625,-0.7,1.5,77.875,58.0,100.0,2.875,2,4,0.0,0.0,0.0,7.625,6.0,8.0,19.5125,18.2,19.7,28.08333333333333,28.0,28.2,19.7125,18.7,20.3,27.0,0.2399347,0.0100652999999999,0
330,2021-07-02,0.2168589,0.263107,0.2361371,0.2075106,22.60125,22.45063,21.48771,19.52396,10,48,25.35,22.2,28.5,734.85,734.1,736.3,755.1,754.3,756.5,0.2624999999999999,-0.4,1.4,74.0,55.0,92.0,2.5,1,4,0.0,0.0,0.0,8.571428571428571,7.0,10.0,21.3125,19.7,21.9,28.5125,28.2,28.9,20.175,18.6,22.0,0.0,0.2361371,0.0138629,0
331,2021-07-03,0.2122389,0.2665125,0.227335,0.2082782,17.695,17.36417,16.61292,15.08312,10,48,24.925,20.0,28.1,735.1125,734.1,736.1,755.3875,754.3,756.4,-0.25,-1.1,0.2,72.5,57.0,97.0,1.875,1,4,0.0,0.0,0.0,7.428571428571429,5.0,10.0,20.77142857142857,20.0,21.9,28.7125,28.3,28.9,19.275,18.4,20.1,1.0,0.227335,0.0226649999999999,0
332,2021-07-04,0.2096043,0.2589366,0.2312795,0.205087,20.36167,20.76208,20.78187,19.64708,10,48,19.9625,18.9,22.4,732.9125,732.0,734.1,753.4,752.5,754.4,-0.1625,-0.9,0.5,93.0,76.0,100.0,1.625,1,3,0.0,0.0,0.0,8.142857142857142,5.0,10.0,18.825,18.1,19.1,26.85,22.6,28.3,18.7375,17.6,19.5,25.3,0.2312795,0.0187204999999999,0
333,2021-07-05,0.2134602,0.2581706,0.2316412,0.2024383,22.81542,22.56167,22.01146,21.01125,10,48,21.9,18.9,25.8,734.1375,733.3,734.8,754.6875,753.9,755.4,0.225,-0.7,0.9,84.125,64.0,100.0,2.25,1,4,0.0,0.0,0.0,6.875,5.0,8.0,18.1875,18.1,18.8,24.512500000000003,22.6,26.1,18.8375,18.2,19.2,0.7,0.2316412,0.0183588,0
334,2021-07-06,0.2086366,0.2622405,0.2196353,0.2048768,14.8025,14.73896,14.33333,13.43,10,48,22.225,19.0,26.6,733.975,733.2,734.5,754.4125,753.7,755.0,-0.0875,-0.7,0.7,89.125,69.0,98.0,1.875,1,3,0.0,0.0,0.0,8.75,4.0,13.0,17.837500000000002,17.8,18.1,27.25,26.1,28.2,20.225,18.7,21.5,6.2,0.2196353,0.0303646999999999,0
335,2021-07-07,0.2425515,0.302832,0.2350363,0.2127944,12.14438,11.99708,11.57062,10.7675,10,48,21.325,20.2,23.8,733.3625000000001,732.4,734.2,753.85,752.9,754.6,-0.125,-1.1,0.6,97.375,85.0,100.0,1.625,0,3,0.0,0.0,0.0,6.333333333333333,5.0,8.0,19.8125,17.8,20.1,23.9,23.9,23.9,20.8625,20.0,21.6,183.0,0.2350363,0.0149636999999999,0
336,2021-07-08,0.2497047,0.3055352,0.2421458,0.2184179,11.79333,11.78958,11.52625,10.795,10,48,21.9125,19.9,24.8,732.575,731.3,733.6,753.025,751.6,754.1,-0.0875,-1.2,0.6,92.875,83.0,100.0,1.875,1,3,0.0,0.0,0.0,5.5,5.0,8.0,19.9375,19.1,20.3,24.38333333333333,23.9,24.9,20.6375,19.6,21.9,43.0,0.2421458,0.01,0
337,2021-07-09,0.2570028,0.3104849,0.2472531,0.2219328,12.12,11.92479,11.44708,10.70396,10,48,21.9,19.9,24.7,732.125,731.5,732.8,752.55,751.9,753.3,-0.025,-0.9,0.6,92.875,79.0,98.0,1.625,1,2,0.0,0.0,0.0,4.875,4.0,5.0,19.1625,19.1,19.6,25.0875,24.9,25.2,20.6625,19.6,22.3,16.0,0.2472531,0.01,0
338,2021-07-10,0.2472926,0.3015512,0.2429363,0.217601,12.865,12.73729,12.28583,11.42125,10,48,23.425,20.1,27.0,732.9,732.1,733.6,753.3,752.4,753.9,0.175,-1.1,1.3,85.625,68.0,97.0,2.0,1,3,0.0,0.0,0.0,5.5,5.0,6.0,19.95,19.6,20.0,26.457142857142856,24.8,27.5,20.725,19.6,21.8,2.9,0.2429363,0.01,0
339,2021-07-11,0.2393372,0.2955001,0.2358829,0.2161153,12.76187,12.44937,11.8,10.80667,10,48,25.325,21.6,29.2,734.3875,733.6,735.0,754.675,753.8,755.3,0.0285714285714285,-0.6,1.2,85.125,67.0,100.0,1.75,1,3,0.0,0.0,0.0,6.0,4.0,7.0,20.9,20.0,21.2,28.6375,27.5,29.9,22.4375,21.1,23.8,0.0,0.2358829,0.0141170999999999,0
340,2021-07-12,0.2316241,0.2882437,0.230725,0.2139366,13.18812,12.87438,12.20396,11.07271,10,48,27.275,23.8,30.5,734.95,734.2,735.7,755.1125,754.3,755.9,1.1895246692412392e-17,-0.6,0.8,82.375,68.0,99.0,2.25,1,3,0.0,0.0,0.0,6.285714285714286,4.0,7.0,22.4,21.2,22.8,30.425,29.9,31.1,23.8625,23.0,24.4,0.0,0.230725,0.0192749999999999,0
341,2021-07-13,0.2280382,0.2759973,0.235091,0.2045074,20.91479,20.11396,18.7525,16.70021,10,48,28.7,25.0,32.4,733.9125,733.0,734.6,753.95,753.1,754.7,-0.1857142857142857,-0.7,0.2,74.25,62.0,90.0,3.375,2,5,0.0,0.0,0.0,8.166666666666666,5.0,10.0,24.55,23.8,24.7,31.7875,31.1,32.5,23.5,22.5,24.6,0.0,0.235091,0.0149089999999999,0
342,2021-07-14,0.2109478,0.2724572,0.2187981,0.2083548,13.81458,13.55667,12.88021,11.5275,10,48,28.0375,26.1,30.1,735.1125,734.4,737.0,755.1375,754.3,757.1,0.3375,-0.2,1.3,74.0,66.0,81.0,3.5,2,5,0.0,0.0,0.0,12.0,10.0,13.0,26.1,24.7,26.6,31.9,30.8,32.5,22.9,22.3,23.9,0.0,0.2187981,0.0312018999999999,0
343,2021-07-15,0.1997195,0.2655583,0.2128227,0.2056189,13.53396,13.30938,12.76396,11.62417,10,48,27.875,25.6,30.5,738.0875,737.1,739.4,758.3,757.3,759.7,0.3,-0.5,1.1,79.5,71.0,91.0,3.0,2,4,0.0,0.0,0.0,9.0,7.0,13.0,25.425,25.4,25.6,31.22857142857143,30.6,31.6,23.925,22.5,24.9,0.0,0.2128227,0.0371772999999999,1
344,2021-07-16,0.1917746,0.2604205,0.207991,0.2025255,13.64687,13.36333,12.77271,11.64042,10,48,27.0875,24.7,30.4,739.8375,739.0,740.9,760.1,759.2,761.2,0.1714285714285714,-0.7,0.8,78.625,58.0,92.0,2.25,1,3,0.0,0.0,0.0,7.8,7.0,8.0,24.3875,24.3,25.0,31.3,31.0,31.6,22.8625,21.2,23.7,0.0,0.207991,0.0420089999999999,1
345,2021-07-17,0.1853818,0.2537419,0.2072802,0.1973121,15.58271,15.22563,14.48271,13.20125,10,48,27.9875,24.5,31.6,738.65,737.3,739.9,758.8375,757.4,760.2,-0.225,-1.3,0.5,76.125,57.0,94.0,1.75,1,3,0.0,0.0,0.0,6.375,5.0,7.0,23.3375,23.2,24.3,31.5625,31.0,32.2,23.05,21.8,23.9,0.0,0.2072802,0.0427197999999999,1
346,2021-07-18,0.1724597,0.2490809,0.1988071,0.195319,13.97917,13.66688,13.02313,11.81917,10,48,27.8,24.6,31.4,737.2375000000001,736.1,737.7,757.4,756.3,757.9,-0.0374999999999999,-1.2,1.1,79.875,62.0,93.0,2.25,1,3,0.0,0.0,0.0,6.75,5.0,8.0,24.1625,23.2,24.3,32.0875,31.9,32.2,23.7875,23.2,25.0,0.0,0.1988071,0.0511929,1
347,2021-07-19,0.1642644,0.2429832,0.1962397,0.1903146,14.8275,14.50604,13.87438,12.63812,10,48,27.55,24.5,30.9,738.15,737.2,738.8,758.35,757.3,759.0,0.15,-1.0,1.0,75.625,58.0,91.0,2.25,1,4,0.0,0.0,0.0,7.75,7.0,8.0,24.2125,24.2,24.3,31.77142857142857,31.6,31.9,22.625,21.7,23.6,0.0,0.1962397,0.0537603,1
348,2021-07-20,0.1552468,0.2387899,0.190994,0.1878737,13.92833,13.66917,13.105,11.9675,10,48,27.225,24.7,30.9,739.6125,738.4,740.7,759.8625,758.5,761.0,0.15,-1.1,1.2,76.75,57.0,89.0,1.875,1,3,0.0,0.0,0.0,7.5,5.0,9.0,24.275,24.2,24.3,31.47142857142857,31.3,31.6,22.5375,21.4,23.5,0.0,0.190994,0.0590059999999999,1
349,2021-07-21,0.1495587,0.2351051,0.1881113,0.184409,13.97021,13.69146,13.10875,11.99125,10,48,26.725,23.1,29.7,739.875,738.8,740.9,760.1875,759.1,761.2,-0.0374999999999999,-1.2,0.9,78.875,64.0,93.0,1.875,1,3,0.0,0.0,0.0,7.0,5.0,9.0,24.0625,23.1,24.2,31.12857142857143,30.9,31.3,22.6,21.3,23.9,0.0,0.1881113,0.0618886999999999,1
350,2021-07-22,0.1439049,0.2312811,0.1856036,0.181419,13.75521,13.52208,13.03104,12.00708,10,48,28.0,23.7,31.8,738.0375,736.7,739.3,758.25,756.9,759.6,-0.3375,-1.3,0.4,78.25,61.0,97.0,1.875,1,3,0.0,0.0,0.0,5.714285714285714,3.0,7.0,22.325,22.3,22.5,31.4625,30.9,32.1,23.6,23.1,24.0,0.0,0.1856036,0.0643963999999999,1
351,2021-07-23,0.144282,0.2288687,0.1869329,0.1760499,16.18104,15.70646,14.95396,13.72604,10,48,28.2125,25.3,31.2,736.1125,735.0,737.0,756.225,755.1,757.2,-0.1125,-0.8,0.8,71.125,60.0,90.0,2.75,2,5,0.0,0.0,0.0,8.375,5.0,10.0,24.7625,22.3,25.2,32.1375,32.1,32.2,22.2625,19.8,24.0,0.0,0.1869329,0.0630670999999999,1
352,2021-07-24,0.1357098,0.225629,0.181556,0.1757961,13.925,13.64083,13.10479,12.04521,10,48,28.275,24.5,32.2,735.0625,733.9,736.0,755.1375,754.0,756.1,-0.175,-1.0,0.6,65.125,46.0,83.0,3.5,2,5,0.0,0.0,0.0,9.166666666666666,6.0,11.0,24.4,24.3,25.1,32.375,32.2,32.6,20.75,19.1,23.2,0.0,0.181556,0.0684439999999999,1
353,2021-07-25,0.1306398,0.2218833,0.1795928,0.1740779,13.35896,13.25792,12.92625,12.04438,10,48,27.9375,25.6,30.1,733.4625,732.2,734.5,753.475,752.2,754.6,-0.2249999999999999,-0.9,0.8,67.625,54.0,85.0,3.0,1,5,0.0,0.0,0.0,8.285714285714286,7.0,9.0,25.2125,24.3,25.5,31.871428571428574,30.8,32.6,21.2,19.2,22.9,0.0,0.1795928,0.0704071999999999,1
354,2021-07-26,0.1297763,0.2202819,0.1780906,0.1723959,13.54313,13.27354,12.78396,11.91312,10,48,28.0625,25.0,31.3,731.9,731.2,732.4,751.9,751.2,752.4,-0.075,-0.7,0.8,63.625,52.0,77.0,3.25,1,6,0.0,0.0,0.0,9.666666666666666,6.0,11.0,24.8375,24.7,25.5,31.25,30.8,31.8,20.3625,18.9,21.5,0.0,0.1780906,0.0719094,1
355,2021-07-27,0.129422,0.2186078,0.1788682,0.1695308,14.79813,14.48938,13.88042,12.89854,10,48,28.375,24.6,32.4,732.3,731.5,732.7,752.2875,751.4,752.8,0.0625,-0.5,0.9,69.5,49.0,85.0,2.875,1,4,0.0,0.0,0.0,8.857142857142858,7.0,11.0,24.525,24.5,24.7,32.237500000000004,31.8,32.7,21.925,20.3,23.0,0.0,0.1788682,0.0711317999999999,1
356,2021-07-28,0.127965,0.2167078,0.1784896,0.1678501,15.16125,14.83188,14.255,13.19458,10,48,28.2375,24.7,31.9,732.6625,732.0,733.3,752.675,752.0,753.4,-0.0374999999999999,-0.8,0.4,78.25,64.0,93.0,1.625,1,2,0.0,0.0,0.0,6.0,5.0,9.0,24.4125,24.4,24.5,32.55,32.3,32.7,23.8875,23.5,24.6,0.0,0.1784896,0.0715103999999999,1
357,2021-07-29,0.1244146,0.2136361,0.1766456,0.1668512,14.36083,14.21271,13.81792,12.88479,10,48,27.5625,24.2,30.9,731.325,730.3,732.3,751.3125,750.3,752.3,-0.2625,-0.8,0.1,81.125,67.0,92.0,1.375,1,2,0.0,0.0,0.0,4.285714285714286,4.0,6.0,24.025,24.0,24.2,31.925,31.3,32.3,23.925,22.8,24.9,0.0,0.1766456,0.0733543999999999,1
358,2021-07-30,0.1256674,0.2123993,0.1735502,0.1671826,12.90583,12.82042,12.5425,11.84,10,48,24.6125,22.8,26.6,729.3625,728.4,730.3,749.45,748.6,750.4,-0.2375,-0.9,0.3,95.0,79.0,100.0,1.5,0,3,0.0,0.0,0.0,4.875,4.0,6.0,23.9,22.5,24.5,29.516666666666666,26.9,31.3,23.7125,22.7,25.2,56.2,0.1735502,0.0764498,1
359,2021-07-31,0.25477,0.3040442,0.2537662,0.2092068,12.5325,12.46854,12.2075,11.68437,10,48,25.55,23.2,29.2,727.025,726.1,727.8,747.075,746.2,747.9,-0.1625,-0.8,0.5,89.375,74.0,100.0,2.875,1,6,0.0,0.0,0.0,10.8,5.0,13.0,22.5375,22.5,22.8,29.142857142857142,26.9,30.2,23.525,22.7,24.9,200.0,0.2537662,0.01,0
360,2021-08-01,0.2749655,0.3250792,0.2642889,0.238032,12.50083,12.48188,12.22938,11.65333,10,48,24.825,22.1,28.5,729.7,727.3,731.8,749.8375,747.4,752.0,0.5875,-0.3,1.4,90.5,77.0,100.0,2.5,2,3,0.0,0.0,0.0,7.25,5.0,12.0,22.3875,22.1,22.6,29.47142857142857,28.7,30.2,23.075,21.3,24.1,10.1,0.2642889,0.01,0
361,2021-08-02,0.2786383,0.3256466,0.2624024,0.2359497,11.21167,11.51021,11.69083,11.51375,10,48,19.475,18.0,20.7,732.15,731.5,732.7,752.6,752.2,753.1,-0.0375,-0.6,0.3,100.0,100.0,100.0,2.875,1,5,0.0,0.0,0.0,7.75,7.0,8.0,19.35,18.0,20.7,27.25,22.0,29.0,19.475,18.0,20.7,116.0,0.2624024,0.01,0
362,2021-08-03,0.2841119,0.3286686,0.2664006,0.2422269,11.09625,11.18542,11.15667,11.10646,10,48,21.15,17.8,24.4,733.8375,732.7,734.5,754.4375,753.3,755.1,0.3125,-0.6,1.2,91.625,80.0,100.0,2.5,1,4,0.0,0.0,0.0,7.5,6.0,8.0,17.7125,17.7,17.8,22.942857142857143,20.6,24.4,19.675,17.8,21.4,37.4,0.2664006,0.01,0
363,2021-08-04,0.2728574,0.3194675,0.2587154,0.2364158,10.90833,10.97708,10.94208,10.85958,10,48,23.35,20.4,25.1,732.975,731.8,734.2,753.3375,752.0,754.6,-0.275,-1.0,0.3,90.0,84.0,100.0,2.75,1,4,0.0,0.0,0.0,8.25,5.0,10.0,19.514285714285712,17.7,20.2,25.025,24.4,25.5,21.5625,20.2,22.2,0.0,0.2587154,0.01,0
364,2021-08-05,0.267825,0.314876,0.2545876,0.2320387,11.35125,11.2975,11.05333,10.73833,10,48,24.2125,22.4,26.4,730.875,730.2,731.3,751.15,750.4,751.6,-0.0624999999999999,-0.7,0.8,87.875,81.0,94.0,3.625,3,5,0.0,0.0,0.0,10.0,8.0,12.0,22.175,20.3,22.8,26.3875,25.5,27.0,22.0375,21.0,23.1,0.0,0.2545876,0.01,0
365,2021-08-06,0.2602357,0.3082236,0.2500365,0.2279886,11.40854,11.355,11.10333,10.72625,10,48,22.8125,20.2,26.7,731.65,731.2,732.3,751.975,751.4,752.7,0.125,-0.6,0.9,91.25,73.0,100.0,2.25,0,3,0.0,0.0,0.0,7.5,6.0,10.0,20.825,20.1,21.1,27.1625,26.8,27.5,21.1875,20.2,22.2,0.0,0.2500365,0.01,0
366,2021-08-07,0.251034,0.2999607,0.2446069,0.223497,11.33646,11.29083,11.06688,10.70563,10,48,23.4375,19.5,28.3,733.6375,732.4,734.8,754.025,752.7,755.2,0.3125,-0.7,1.0,82.5,55.0,100.0,1.625,0,3,0.0,0.0,0.0,4.666666666666667,4.0,6.0,19.425,19.4,19.6,28.1,27.5,28.8,19.85,18.4,21.4,0.0,0.2446069,0.01,0
367,2021-08-08,0.2441495,0.2909456,0.2409223,0.2167372,12.37167,12.26812,11.92687,11.41542,10,48,24.342857142857145,18.7,30.2,734.8714285714286,734.5,735.4,755.2285714285714,754.9,755.8,0.1833333333333333,-0.3,0.6,78.0,47.0,100.0,1.1428571428571428,0,2,0.0,0.0,0.0,4.5,3.0,5.0,18.471428571428568,18.4,18.9,29.75714285714286,28.8,30.5,19.557142857142857,17.6,22.3,0.0,0.2409223,0.01,0
368,2021-08-09,0.2335147,0.2838256,0.2334772,0.2142806,11.55521,11.5225,11.26292,10.75479,10,48,24.9875,19.7,29.8,733.475,732.2,734.8,753.7125,752.5,755.0,-0.2625,-1.1,1.0,76.25,51.0,100.0,2.25,0,3,0.0,0.0,0.0,6.166666666666667,5.0,7.0,18.8875,18.4,19.0,30.275,29.9,30.5,20.0125,18.6,21.0,0.0,0.2334772,0.0165227999999999,0
369,2021-08-10,0.2226651,0.2758384,0.2276507,0.2102596,10.79271,10.95354,10.95271,10.70438,10,48,21.5375,19.6,25.8,734.325,732.8,735.5,754.775,753.1,756.1,0.3,-0.6,1.3,93.375,68.0,100.0,1.625,0,3,0.0,0.0,0.0,7.75,6.0,9.0,19.4375,19.0,19.5,28.7,26.5,29.9,20.3,19.4,21.2,21.0,0.2276507,0.0223492999999999,0
370,2021-08-11,0.2226755,0.2734585,0.2240561,0.2076634,10.43646,10.59042,10.60937,10.50542,10,48,20.3125,19.0,23.6,736.3875,735.8,736.9,757.0375,756.3,757.6,0.2142857142857142,-0.5,0.6,96.875,85.0,100.0,1.125,0,2,0.0,0.0,0.0,4.6,3.0,6.0,19.225,18.9,19.5,25.380000000000003,23.7,26.5,19.7625,19.0,20.9,133.0,0.2240561,0.0259438999999999,0
371,2021-08-12,0.2321837,0.2796091,0.2221399,0.2059249,10.16771,10.29083,10.305,10.27979,10,48,18.8375,18.3,20.0,736.975,736.6,737.5,757.725,757.3,758.3,0.075,-0.6,0.6,100.0,100.0,100.0,2.375,2,3,0.0,0.0,0.0,6.625,5.0,8.0,18.3375,18.3,18.5,21.94,21.4,23.7,18.8375,18.3,20.0,207.0,0.2221399,0.0278600999999999,0
372,2021-08-13,0.2382051,0.282636,0.2246171,0.2011584,11.45083,11.52604,11.48979,11.34063,10,48,19.4125,17.8,22.5,736.825,736.3,737.2,757.55,756.9,757.9,6.938893903907228e-18,-0.5,0.4,94.875,83.0,100.0,1.75,1,3,0.0,0.0,0.0,6.0,4.0,7.0,17.8125,17.1,18.3,23.14,22.1,23.4,18.5375,17.8,19.5,23.1,0.2246171,0.0253829,0
373,2021-08-14,0.2343494,0.2845353,0.2204886,0.2030247,10.10854,10.16083,10.06,9.95542,10,48,19.4625,15.8,23.4,737.525,736.9,738.4,758.2875,757.6,759.1,0.15,-0.5,1.0,91.5,74.0,100.0,0.875,0,1,0.0,0.0,0.0,4.0,2.0,7.0,15.6,15.6,15.6,23.45,22.9,23.7,17.925,15.8,19.2,0.0,0.2204886,0.0295113999999999,0
374,2021-08-15,0.2301511,0.2811858,0.2190794,0.2013808,10.1575,10.15833,10.02042,9.86792,10,48,21.025,16.0,25.6,739.85,738.6,740.8,760.5875,759.4,761.5,0.3,-0.5,0.9,88.375,64.0,100.0,1.0,0,2,0.0,0.0,0.0,4.571428571428571,3.0,5.0,15.5125,15.5,15.6,25.0375,23.7,26.5,18.775,16.0,20.4,0.0,0.2190794,0.0309205999999999,0
375,2021-08-16,0.2311092,0.2825853,0.2205646,0.200511,10.33792,10.28708,10.08521,9.83979,10,48,20.25,18.9,24.0,740.45,739.9,741.0,761.1375,760.6,761.6,-0.075,-0.9,0.3,97.875,83.0,100.0,1.0,0,2,0.0,0.0,0.0,4.5,3.0,5.0,17.8125,15.5,18.5,26.185714285714287,25.2,26.5,19.8625,18.9,20.9,101.0,0.2205646,0.0294353999999999,0
376,2021-08-17,0.2687196,0.3163078,0.2471147,0.2101671,10.35354,10.36771,10.19729,9.88417,10,48,20.1875,18.9,22.2,739.325,738.6,740.1,760.075,759.3,760.9,-0.1624999999999999,-0.8,0.4,96.0,85.0,100.0,1.5,1,3,0.0,0.0,0.0,7.285714285714286,3.0,10.0,18.7625,18.5,18.8,23.24,22.2,23.5,19.5,18.9,20.0,26.0,0.2471147,0.01,0
377,2021-08-18,0.2607685,0.3084065,0.243344,0.2104496,10.48354,10.41083,10.16604,9.86292,10,48,21.3875,18.4,25.7,738.4875,737.6,739.3,759.1625,758.2,760.0,-0.1,-1.3,0.7,91.75,71.0,100.0,1.25,1,2,0.0,0.0,0.0,4.0,3.0,5.0,17.9625,17.9,18.4,25.0,23.5,26.7,19.825,18.4,20.8,0.1,0.243344,0.01,0
378,2021-08-19,0.2526814,0.3002197,0.239177,0.2092221,10.88375,10.74812,10.40042,9.92563,10,48,23.8875,20.7,27.9,737.3,736.5,738.3,757.7625,756.9,758.8,-0.175,-0.8,0.4,81.25,59.0,98.0,2.0,0,4,0.0,0.0,0.0,3.6666666666666665,3.0,4.0,18.9875,17.9,19.7,27.75,26.7,28.8,20.1375,19.0,21.3,0.0,0.239177,0.0108229999999999,0
379,2021-08-20,0.2446602,0.2927551,0.2350904,0.2080965,10.70708,10.70729,10.50563,10.04542,10,48,22.225,20.2,25.0,736.1875,735.6,736.6,756.65,756.1,757.1,-0.1375,-0.6,0.3,82.875,68.0,99.0,2.5,2,4,0.0,0.0,0.0,7.333333333333333,6.0,8.0,19.1125,19.0,19.9,27.557142857142857,25.0,28.8,19.0375,17.0,20.8,2.6,0.2350904,0.0149095999999999,0
380,2021-08-21,0.2616785,0.3058063,0.2335158,0.207325,10.36063,10.42604,10.32396,10.02854,10,48,19.875,18.7,21.5,732.4875,731.2,734.9,752.9875,751.7,755.4,-0.5142857142857142,-1.0,0.0,98.875,94.0,100.0,1.375,0,2,0.0,0.0,0.0,5.0,4.0,6.0,19.25,18.6,19.6,23.928571428571427,22.5,25.0,19.6875,18.7,20.5,189.0,0.2335158,0.0164841999999999,0
381,2021-08-22,0.2695753,0.3155813,0.2381991,0.2072873,10.48083,10.43792,10.21562,9.92521,10,48,22.2625,16.9,26.7,731.375,730.6,731.9,751.8375,751.1,752.5,-0.0374999999999999,-0.8,0.8,80.125,56.0,100.0,2.5,2,3,0.0,0.0,0.0,6.75,4.0,8.0,16.8875,16.7,18.2,24.8875,22.5,26.9,18.25,16.2,20.3,39.2,0.2381991,0.0118008999999999,0
382,2021-08-23,0.2812128,0.3251097,0.2577791,0.2257278,10.79104,10.66271,10.34521,9.93771,10,48,23.8875,20.1,28.0,731.925,731.2,733.2,752.1875,751.4,753.6,0.2875,-0.5,1.2,88.0,72.0,100.0,3.125,1,5,0.0,0.0,0.0,14.142857142857142,13.0,15.0,18.6,16.7,19.2,27.575,26.9,28.3,21.6375,18.9,23.1,31.0,0.2577791,0.01,0
383,2021-08-24,0.2697011,0.3145857,0.2524049,0.2265417,10.71479,10.66521,10.43083,10.01333,10,48,22.4875,17.8,27.5,729.3,726.4,732.0,749.5875,746.6,752.3,-0.5875,-1.9,1.2,90.125,71.0,100.0,2.375,0,4,0.0,0.0,0.0,9.833333333333334,7.0,12.0,17.8875,17.8,18.5,28.2625,28.2,28.3,20.6125,17.8,22.9,69.2,0.2524049,0.01,0
384,2021-08-25,0.2801921,0.3250336,0.2537757,0.225786,10.66937,10.67875,10.48583,10.05667,10,48,21.6,18.8,25.3,731.1625,729.2,732.7,751.55,749.5,753.3,0.4875,-0.3,1.2,86.25,73.0,99.0,2.25,1,3,0.0,0.0,0.0,10.25,7.0,12.0,19.025,17.8,19.8,27.47142857142857,26.5,28.2,19.1,16.6,20.7,24.0,0.2537757,0.01,0
385,2021-08-26,0.2752075,0.3197851,0.2520745,0.2257718,10.30625,10.36917,10.26667,10.01271,10,48,21.225,18.3,25.7,733.6,732.4,734.3,754.125,752.8,754.9,0.2375,-0.4,0.9,78.75,53.0,90.0,3.25,2,5,0.0,0.0,0.0,10.166666666666666,8.0,11.0,18.175,18.1,18.5,26.2,25.9,26.5,17.15,15.4,18.6,0.0,0.2520745,0.01,0
386,2021-08-27,0.2679406,0.3137403,0.2490104,0.2242727,10.03021,10.10062,10.03813,9.88542,10,48,20.75,18.7,23.4,733.65,733.3,734.4,754.175,753.8,754.9,0.0124999999999999,-0.8,0.5,74.375,53.0,97.0,4.375,3,6,0.0,0.0,0.0,10.2,8.0,12.0,18.325,18.1,18.4,25.257142857142856,24.4,25.9,15.7,13.3,18.3,0.0,0.2490104,0.01,0
387,2021-08-28,0.2591193,0.3059811,0.2450967,0.2221374,9.78479,9.87146,9.83833,9.7475,10,48,19.9875,16.2,23.3,735.475,734.2,736.6,756.1125,754.8,757.2,0.2749999999999999,-0.2,0.7,71.125,56.0,86.0,3.75,2,6,0.0,0.0,0.0,10.571428571428571,9.0,12.0,16.275000000000002,16.1,17.4,24.25,24.0,24.4,14.375,13.1,16.4,0.0,0.2450967,0.01,0
388,2021-08-29,0.2575839,0.3043955,0.241793,0.2200457,9.58563,9.71979,9.69792,9.62021,10,48,18.8625,17.0,21.6,737.225,736.3,738.1,757.9625,757.0,758.9,0.1625,-0.4,0.9,82.75,66.0,100.0,1.875,1,3,0.0,0.0,0.0,8.571428571428571,6.0,10.0,16.425,16.1,16.6,23.55,22.9,24.0,15.6625,12.7,17.7,46.0,0.241793,0.01,0
389,2021-08-30,0.2492235,0.298402,0.2380174,0.2177264,8.87042,9.09771,9.26125,9.42271,10,48,18.425,15.4,22.8,740.4125,738.0,742.3,761.3125,758.8,763.3,0.55,0.1,1.1,74.25,48.0,91.0,2.25,1,4,0.0,0.0,0.0,8.375,6.0,10.0,15.2625,13.8,16.4,23.0,22.8,23.2,13.3125,11.2,15.1,2.0,0.2380174,0.0119826,0
390,2021-08-31,0.2406914,0.2913887,0.2339025,0.2150234,8.72354,8.83354,8.91417,9.14646,10,48,19.8125,14.3,25.6,741.825,740.8,742.9,762.6875,761.5,763.9,-0.1875,-0.9,0.4,74.75,50.0,98.0,1.5,1,2,0.0,0.0,0.0,4.0,4.0,4.0,12.2875,12.2,12.9,24.9375,23.2,26.6,14.6,12.8,17.7,0.0,0.2339025,0.0160974999999999,0
391,2021-09-01,0.2428447,0.2941144,0.2326164,0.2127544,9.32854,9.26687,9.09021,9.02979,10,48,21.85,15.4,27.3,739.2625,738.2,740.3,759.9375,758.8,761.1,-0.3,-1.0,0.5,78.375,49.0,100.0,1.5,0,3,0.0,0.0,0.0,4.142857142857143,3.0,5.0,14.675,12.2,15.1,27.1125,26.6,27.7,17.4,15.4,19.4,0.0,0.2326164,0.0173835999999999,0
392,2021-09-02,0.2633177,0.3130277,0.2378093,0.2142804,9.67958,9.6025,9.35354,9.10354,10,48,21.5625,15.0,27.3,736.925,735.6,738.1,757.475,756.2,758.7,-0.2875,-1.2,0.3,71.5,40.0,100.0,1.625,1,3,0.0,0.0,0.0,5.6,4.0,6.0,15.0125,15.0,15.1,27.5875,27.4,27.7,15.275,12.5,17.3,0.0,0.2378093,0.0121906999999999,0
393,2021-09-03,0.256307,0.3050556,0.2359497,0.2145082,9.77063,9.73042,9.50396,9.20021,10,48,21.0875,15.0,26.6,737.1375,735.9,739.1,757.75,756.4,759.7,0.375,-0.4,1.5,73.75,42.0,100.0,1.375,0,2,0.0,0.0,0.0,4.833333333333333,4.0,6.0,14.775,14.7,15.0,27.9,27.4,28.4,15.15,12.1,18.3,0.0,0.2359497,0.0140502999999999,0
394,2021-09-04,0.248169,0.2972383,0.2329587,0.2132551,9.79937,9.76521,9.54625,9.25104,10,48,21.8,15.1,27.8,741.05,739.5,742.3,761.7875,760.2,763.0,0.4,-0.3,1.0,70.375,40.0,100.0,1.0,0,2,0.0,0.0,0.0,4.142857142857143,3.0,5.0,14.775,14.7,14.8,28.4,28.4,28.4,15.375,13.0,19.1,0.0,0.2329587,0.0170413,0
395,2021-09-05,0.239223,0.289188,0.2293857,0.2116749,9.70917,9.71792,9.55146,9.28,10,48,21.7375,17.0,27.3,743.7875,742.6,744.8,764.5125,763.2,765.7,0.3,-0.7,1.0,71.625,45.0,88.0,1.5,1,3,0.0,0.0,0.0,4.833333333333333,4.0,5.0,16.4,14.8,16.9,28.15,27.8,28.4,15.9125,14.3,17.5,0.0,0.2293857,0.0206142999999999,0
396,2021-09-06,0.2311008,0.2827049,0.2262275,0.2100399,9.49562,9.53354,9.43021,9.25562,10,48,20.3875,17.4,23.9,742.8375,741.3,744.4,763.6125,762.1,765.1,-0.375,-1.1,0.8,85.5,68.0,100.0,1.625,1,2,0.0,0.0,0.0,5.285714285714286,4.0,6.0,16.7,16.7,16.7,26.642857142857142,24.6,27.8,17.6875,16.4,20.1,7.0,0.2262275,0.0237724999999999,0
397,2021-09-07,0.2513752,0.3004175,0.2252049,0.2087664,9.29354,9.39854,9.35562,9.21562,10,48,16.85,15.3,19.4,738.2625,736.9,740.5,759.15,757.9,761.3,-0.575,-1.2,0.2,96.875,85.0,100.0,1.125,0,2,0.0,0.0,0.0,5.75,5.0,6.0,15.4125,15.2,16.9,22.75714285714286,19.8,24.6,16.325,15.3,16.9,36.0,0.2252049,0.0247950999999999,0
398,2021-09-08,0.2518664,0.3028989,0.2249285,0.2074668,8.86375,8.97646,9.00479,9.06229,10,48,17.8875,11.0,23.3,735.6,734.2,736.6,756.4875000000001,755.1,757.7,-0.175,-1.3,1.4,79.25,44.0,100.0,2.0,0,3,0.0,0.0,0.0,6.125,3.0,10.0,10.9,10.7,12.2,21.975,19.8,24.1,13.4875,10.1,16.8,21.4,0.2249285,0.0250714999999999,0
399,2021-09-09,0.2700098,0.3205578,0.2304511,0.2067698,8.58062,8.75792,8.85,8.93146,10,48,15.8875,14.1,17.8,736.8875,735.5,738.7,757.8,756.4,759.7,0.1624999999999999,-3.2,1.7,97.625,86.0,100.0,3.0,1,6,0.0,0.0,0.0,9.25,9.0,10.0,13.25,10.7,14.1,22.685714285714287,19.7,24.1,15.4875,14.1,16.7,215.0,0.2304511,0.0195489,0
400,2021-09-10,0.2859277,0.3289676,0.2494149,0.21402,8.54146,8.65729,8.65646,8.74417,10,48,16.475,12.1,20.9,737.35,736.9,737.9,758.3249999999999,757.8,758.9,0.0375,-0.8,0.9,89.75,73.0,100.0,2.25,0,4,0.0,0.0,0.0,8.142857142857142,8.0,9.0,14.025,11.8,14.7,20.5625,19.6,21.5,14.625,12.1,15.9,41.0,0.2494149,0.01,0
401,2021-09-11,0.3000693,0.3324772,0.269354,0.2539451,7.34396,7.59521,7.75271,8.08417,10,48,15.4375,8.4,19.9,736.7375,735.0,740.0,757.6875,755.8,761.2,0.3375,-1.3,2.0,77.625,47.0,100.0,2.125,0,4,0.0,0.0,0.0,8.0,5.0,10.0,11.2625,8.2,11.7,21.1625,20.6,21.5,10.9875,7.4,15.0,6.0,0.269354,0.01,0
402,2021-09-12,0.2834611,0.3201762,0.2602245,0.2483214,7.11729,7.35583,7.57354,8.04854,10,48,14.1875,6.7,20.5,741.6375,740.3,742.6,762.9375,761.6,763.9,0.175,-0.7,1.2,71.375,42.0,100.0,1.125,0,2,0.0,0.0,0.0,5.2,2.0,6.0,6.625,6.5,7.3,20.6375,20.6,20.7,8.3125,6.7,10.9,0.0,0.2602245,0.01,0
403,2021-09-13,0.2782528,0.3157633,0.2561299,0.2430033,7.07313,7.3025,7.49396,7.90479,10,48,15.7,11.3,20.1,742.4125,741.3,744.6,763.5625,762.4,765.8,0.4,-0.2,1.2,88.0,76.0,100.0,1.625,0,3,0.0,0.0,0.0,5.428571428571429,4.0,6.0,10.6625,6.5,12.2,20.61428571428572,20.5,20.7,13.6,10.4,15.9,4.1,0.2561299,0.01,0
404,2021-09-14,0.2752605,0.31376,0.2535814,0.2394347,7.18875,7.30917,7.38521,7.74896,10,48,16.5,9.3,22.4,745.5,744.8,746.2,766.7625,766.1,767.5,0.1625,-1.0,1.0,76.75,44.0,100.0,1.375,0,3,0.0,0.0,0.0,4.333333333333333,3.0,6.0,9.4125,9.3,10.2,21.8125,20.5,23.2,11.6125,9.3,15.8,0.0,0.2535814,0.01,0
405,2021-09-15,0.2709156,0.3105766,0.2516476,0.2367475,7.74688,7.71583,7.59021,7.70812,10,48,18.2,11.6,22.9,742.8,739.5,745.4,763.8125,760.3,766.6,-0.7999999999999999,-1.7,0.0,66.125,38.0,100.0,1.75,1,3,0.0,0.0,0.0,5.142857142857143,3.0,6.0,10.366666666666667,9.3,10.9,23.25,23.2,23.3,10.925,7.8,12.9,0.0,0.2516476,0.01,0
406,2021-09-16,0.2773379,0.3146125,0.2507745,0.2347862,7.93271,8.00104,7.89479,7.82188,10,48,15.525,11.9,18.3,739.7875,739.0,741.4,760.7625,759.7,762.6,0.05,-0.5,0.4,96.0,80.0,100.0,1.5,0,3,0.0,0.0,0.0,7.166666666666667,5.0,8.0,13.1375,10.9,14.3,22.05,19.3,23.3,14.85,11.9,16.3,27.0,0.2507745,0.01,0
407,2021-09-17,0.2739119,0.3129807,0.2497186,0.2332793,7.51208,7.61708,7.63896,7.79604,10,48,15.9,8.5,23.5,740.5375,739.1,741.7,761.6625,760.2,762.8,-0.035416666666666596,-0.95,0.9,77.5,38.0,100.0,1.125,0,2,0.0,0.0,0.0,3.8333333333333335,2.0,5.0,8.4125,8.2,9.6,21.4125,17.8,24.1,10.75,8.4,16.6,0.0,0.2497186,0.01,0
408,2021-09-18,0.2678296,0.3084808,0.2481794,0.2316342,7.75146,7.79646,7.72021,7.76042,10,48,19.58333333333333,14.2,25.7,741.1833333333334,739.9,742.0,762.1166666666667,760.8,763.0,-0.035416666666666596,-0.95,0.9,69.16666666666667,39.0,94.0,1.8333333333333333,1,3,0.0,0.0,0.0,5.2,4.0,6.0,9.616666666666667,8.2,9.9,25.266666666666666,24.1,25.9,12.983333333333334,10.7,15.2,0.0,0.2481794,0.01,0
409,2021-09-19,0.2612527,0.3039791,0.2462965,0.2300449,7.73458,7.80583,7.7475,7.76521,10,48,20.157142857142865,15.8,25.6,741.0714285714286,740.4,742.0,761.9142857142857,761.1,763.0,-0.035416666666666596,-0.95,0.9,67.85714285714286,44.0,92.0,2.0,1,3,0.0,0.0,0.0,6.285714285714286,5.0,8.0,12.328571428571433,9.9,13.3,25.87142857142857,25.8,25.9,13.457142857142856,11.7,14.8,0.0,0.2462965,0.01,0
410,2021-09-20,0.2580192,0.300384,0.2443246,0.2284541,7.42646,7.57271,7.63271,7.75354,10,48,15.4,13.5,17.3,738.1142857142858,733.9,741.5,759.157142857143,754.8,762.4,-0.035416666666666596,-0.95,0.9,94.42857142857144,83.0,100.0,2.142857142857143,1,3,0.0,0.0,0.0,7.333333333333333,7.0,8.0,12.642857142857142,12.5,13.5,23.1,18.0,25.8,14.485714285714286,11.9,16.7,27.0,0.2443246,0.01,0
411,2021-09-21,0.3113285,0.3378382,0.2661111,0.2397183,7.64562,7.69562,7.63563,7.69125,10,48,16.175,14.6,19.4,727.5875,725.9,731.5,748.3,746.5,752.4,-0.035416666666666596,-0.95,0.9,97.625,87.0,100.0,2.875,2,4,0.0,0.0,0.0,9.333333333333334,8.0,12.0,13.925,12.5,14.5,20.485714285714288,18.0,22.0,15.775,14.1,17.8,67.2,0.2661111,0.01,0
412,2021-09-22,0.3014414,0.3323796,0.2669312,0.2507588,7.69333,7.74417,7.67458,7.68333,10,48,13.4,12.8,13.9,731.7375000000001,727.6,737.1,752.6875,748.3,758.2,-0.035416666666666596,-0.95,0.9,100.0,100.0,100.0,1.875,0,3,0.0,0.0,0.0,7.571428571428571,7.0,8.0,13.0625,12.8,13.5,18.6,14.9,22.0,13.4,12.8,13.9,7.2,0.2669312,0.01,0
413,2021-09-23,0.2915578,0.3252634,0.262554,0.2481113,7.63063,7.72125,7.66125,7.66646,10,48,14.1375,8.3,19.3,743.1,738.6,746.2,764.4375,759.7,767.8,-0.035416666666666596,-0.95,0.9,85.25,54.0,100.0,1.875,0,3,0.0,0.0,0.0,6.857142857142857,6.0,8.0,11.7875,8.3,12.8,17.162499999999998,14.1,19.7,11.2375,8.3,14.1,4.4,0.262554,0.01,0
414,2021-09-24,0.2816916,0.3180213,0.2583518,0.2451363,6.92167,7.13167,7.30208,7.57375,10,48,13.625,6.5,20.5,746.85,746.0,748.0,768.3,767.3,769.6,-0.035416666666666596,-0.95,0.9,78.625,33.0,100.0,1.0,0,2,0.0,0.0,0.0,3.6,3.0,5.0,5.875,5.7,6.9,20.15,19.7,20.6,8.925,3.7,12.5,0.0,0.2583518,0.01,0
415,2021-09-25,0.2802519,0.3163583,0.2558908,0.2425137,6.96667,7.09646,7.17938,7.42625,10,48,15.5125,14.8,15.8,746.5375,746.0,747.2,767.8375,767.1,768.7,-0.035416666666666596,-0.95,0.9,98.875,91.0,100.0,1.375,1,2,0.0,0.0,0.0,6.0,5.0,7.0,9.766666666666667,5.7,11.8,18.55,15.9,20.6,15.325,13.9,15.8,38.0,0.2558908,0.01,0
416,2021-09-26,0.2823029,0.318045,0.2552552,0.2407506,7.79687,7.68021,7.42771,7.38708,10,48,18.5875,15.9,22.4,744.075,741.4,746.2,765.15,762.3,767.5,-0.035416666666666596,-0.95,0.9,94.375,82.0,100.0,1.5,0,3,0.0,0.0,0.0,4.333333333333333,3.0,5.0,15.516666666666666,15.1,15.8,20.2375,16.0,23.5,17.6125,15.9,20.4,2.4,0.2552552,0.01,0
417,2021-09-27,0.2841425,0.3201041,0.2550369,0.2398133,8.24563,8.14708,7.83917,7.55458,10,48,18.5,16.0,21.2,740.175,739.5,740.8,761.0125,760.3,761.8,-0.035416666666666596,-0.95,0.9,91.5,81.0,100.0,2.5,2,4,0.0,0.0,0.0,7.666666666666667,5.0,9.0,16.62857142857143,15.9,17.1,22.82,21.8,23.5,17.025,16.0,18.0,6.0,0.2550369,0.01,0
418,2021-09-28,0.2811445,0.318113,0.2543987,0.2389992,8.13104,8.105,7.91958,7.69917,10,48,18.2375,15.6,22.0,737.3125,734.7,740.0,758.15,755.4,760.9,-0.035416666666666596,-0.95,0.9,86.25,71.0,100.0,2.875,2,4,0.0,0.0,0.0,6.833333333333333,5.0,10.0,15.1,15.1,15.1,22.2,21.8,22.7,15.75,14.8,16.6,0.0,0.2543987,0.01,0
419,2021-09-29,0.2726525,0.3131373,0.2527629,0.2379258,7.65167,7.87,7.89104,7.76813,10,48,13.8875,6.3,17.1,736.4875,734.8,738.4,757.5,755.5,759.9,-0.035416666666666596,-0.95,0.9,76.0,45.0,100.0,2.375,0,4,0.0,0.0,0.0,8.666666666666666,8.0,9.0,12.575,6.3,15.6,21.4,17.8,22.7,9.1125,3.0,15.5,0.8,0.2527629,0.01,0
420,2021-09-30,0.2622464,0.3059857,0.2494181,0.2359437,5.685,6.25313,6.87125,7.51167,10,48,9.6625,4.1,16.5,737.1875,735.4,738.5,758.6,756.8,760.0,-0.035416666666666596,-0.95,0.9,70.75,38.0,100.0,1.25,0,3,0.0,0.0,0.0,5.166666666666667,4.0,7.0,3.5625,3.5,4.0,17.25,17.0,17.4,3.4375,0.7,6.0,0.0,0.2494181,0.01,0
421,2021-10-01,0.2570485,0.3017677,0.2466417,0.2335222,5.02833,5.48688,6.04958,6.965,10,48,8.075,2.6,14.9,738.3375,737.5,739.1,759.9375,759.1,760.7,-0.035416666666666596,-0.95,0.9,74.875,41.0,100.0,1.375,0,3,0.0,0.0,0.0,6.166666666666667,4.0,7.0,2.7125000000000004,2.3,3.2,16.5875,15.9,17.0,2.75,-0.9,6.4,0.0,0.2466417,0.01,0
422,2021-10-02,0.2529681,0.2990469,0.2446199,0.23139,4.84208,5.16354,5.61896,6.51792,10,48,10.757142857142856,1.2,18.3,738.157142857143,736.4,739.2,759.6714285714286,757.5,760.9,-0.035416666666666596,-0.95,0.9,57.57142857142857,28.0,100.0,2.0,1,3,0.0,0.0,0.0,5.75,4.0,9.0,0.95,0.9,1.2,17.17142857142857,15.9,19.1,1.0571428571428572,-0.5,2.3,0.0,0.2446199,0.01,0
423,2021-10-03,0.2521162,0.2989838,0.2442129,0.2299591,6.03437,6.02375,5.97167,6.33875,10,48,17.1875,10.7,24.2,736.5875,733.5,742.0,757.4625,754.3,763.0,-0.035416666666666596,-0.95,0.9,53.625,28.0,88.0,3.5,0,6,0.0,0.0,0.0,12.333333333333334,9.0,14.0,12.433333333333332,10.7,13.2,22.82857142857143,19.1,24.6,6.9375,2.8,16.4,0.0,0.2442129,0.01,0
424,2021-10-04,0.2462964,0.2960792,0.2432256,0.2291725,5.61688,5.87917,6.05167,6.40396,10,48,9.225,5.4,13.4,747.3125,743.3,749.8,768.9875,764.5,771.6,-0.035416666666666596,-0.95,0.9,76.75,48.0,99.0,1.5,0,3,0.0,0.0,0.0,7.666666666666667,7.0,11.0,5.237500000000001,4.9,7.3,19.06,14.0,24.6,4.8625,1.9,6.5,0.0,0.2432256,0.01,0
425,2021-10-05,0.2418722,0.2931348,0.2416909,0.2278799,5.32021,5.55917,5.78667,6.28125,10,48,10.3375,6.2,16.4,749.3625000000001,748.6,750.2,771.1,770.1,772.1,-0.035416666666666596,-0.95,0.9,63.875,30.0,95.0,0.75,0,3,0.0,0.0,0.0,5.25,3.0,6.0,6.675,4.9,7.5,15.457142857142856,14.0,16.6,2.9125,-1.2,5.5,0.0,0.2416909,0.01,0
426,2021-10-06,0.2372593,0.2902578,0.2400702,0.2265119,4.75063,5.08083,5.4575,6.10333,10,48,10.125,3.5,13.9,747.375,744.3,750.1,769.1,765.8,771.8,-0.035416666666666596,-0.95,0.9,55.75,34.0,99.0,1.875,1,3,0.0,0.0,0.0,6.666666666666667,2.0,8.0,3.1125,2.6,5.8,15.8125,14.5,16.6,0.7,-2.2,4.8,0.0,0.2400702,0.01,0
427,2021-10-07,0.2343595,0.2885814,0.2388829,0.2251719,4.74979,5.03167,5.29542,5.90208,10,48,9.2625,4.0,16.1,743.775,742.9,744.6,765.45,764.5,766.2,-0.035416666666666596,-0.95,0.9,62.125,26.0,92.0,1.25,0,2,0.0,0.0,0.0,6.2,4.0,8.0,2.75,2.6,2.8,15.475,14.5,16.5,1.1125,-3.4,3.4,0.0,0.2388829,0.0111170999999999,0
428,2021-10-08,0.2319217,0.2865164,0.2380436,0.2235456,4.74604,4.94104,5.17042,5.86,10,48,12.4875,2.9,19.9,745.8625,745.2,746.9,767.45,766.6,768.5,-0.035416666666666596,-0.95,0.9,53.25,25.0,99.0,1.5,0,2,0.0,0.0,0.0,4.5,4.0,5.0,2.7125000000000004,2.7,2.8,18.5625,16.5,20.5,1.75,-0.7,2.8,0.6,0.2380436,0.0119563999999999,0
429,2021-10-09,0.2347217,0.2869341,0.2377413,0.2225723,5.58333,5.51042,5.41354,5.78625,10,48,15.1625,11.7,18.5,741.675,737.0,745.4,762.8625,757.9,766.6,-0.035416666666666596,-0.95,0.9,86.125,53.0,100.0,3.0,2,6,0.0,0.0,0.0,5.8,4.0,9.0,8.1625,2.7,11.7,19.942857142857143,19.2,20.5,12.6125,3.5,16.4,30.3,0.2377413,0.0122587,0
430,2021-10-10,0.2461671,0.2917536,0.242021,0.2182825,7.03438,6.99896,7.01833,7.38542,10,48,11.3,6.7,14.5,741.1875,737.2,744.9,762.5375,758.3,766.6,-0.035416666666666596,-0.95,0.9,50.875,34.0,88.0,4.5,2,6,0.0,0.0,0.0,13.75,13.0,14.0,9.325,6.7,11.7,17.7625,16.5,19.2,0.8999999999999999,-2.7,12.5,5.1,0.242021,0.01,0
431,2021-10-11,0.2452587,0.2895126,0.2448159,0.2122959,7.62542,7.53104,7.86312,9.38563,10,48,7.5625,0.3,15.7,747.8625,745.8,749.4,769.775,767.5,771.3,-0.035416666666666596,-0.95,0.9,66.625,29.0,98.0,1.5,1,3,0.0,0.0,0.0,7.571428571428571,5.0,14.0,0.4375,-0.1,3.8,15.0,13.9,16.0,0.325,-2.3,3.2,0.0,0.2448159,0.01,0
432,2021-10-12,0.242311,0.2877435,0.2433836,0.2108027,7.03854,6.80979,7.28729,8.68417,10,48,9.3125,1.3,18.4,749.6,748.6,750.9,771.5125,770.4,772.9,-0.035416666666666596,-0.95,0.9,67.25,23.0,100.0,1.375,0,3,0.0,0.0,0.0,4.0,2.0,5.0,0.725,-0.1,1.0,17.725,16.0,19.6,1.5,-3.1,5.2,0.1,0.2433836,0.01,0
433,2021-10-13,0.2407843,0.2870353,0.2430757,0.2104113,7.74271,7.18792,7.40375,8.71521,10,48,14.225,8.0,19.3,745.5125,742.7,748.5,766.975,763.9,770.1,-0.035416666666666596,-0.95,0.9,62.75,34.0,86.0,2.75,2,5,0.0,0.0,0.0,7.333333333333333,3.0,12.0,3.6375,1.0,4.5,19.8,19.6,20.0,6.575,3.1,11.5,0.0,0.2430757,0.01,0
434,2021-10-14,0.2400088,0.2873115,0.243572,0.2098617,9.05354,8.37042,8.25021,8.87458,10,48,11.228571428571428,4.3,16.4,743.8142857142857,742.8,745.6,765.2142857142857,763.9,767.4,-0.035416666666666596,-0.95,0.9,72.71428571428571,33.0,99.0,2.142857142857143,1,4,0.0,0.0,0.0,9.0,8.0,12.0,8.671428571428573,4.3,11.4,18.485714285714288,16.5,20.0,5.542857142857144,0.1,11.4,0.0,0.243572,0.01,0
435,2021-10-15,0.2327941,0.2831945,0.2416167,0.2095711,6.26833,6.51479,7.29229,8.58188,10,48,6.8875,0.5,12.9,746.3875,744.7,748.8,768.2375,766.4,770.8,-0.035416666666666596,-0.95,0.9,51.25,22.0,87.0,3.625,1,7,0.0,0.0,0.0,8.0,4.0,14.0,2.4000000000000004,0.5,2.7,16.05,15.3,16.5,-3.5375,-14.4,3.6,0.0,0.2416167,0.01,0
436,2021-10-16,0.2251845,0.2795691,0.2381852,0.2095545,3.67437,4.39708,5.65396,7.53,10,48,-0.9375,-3.7,2.2,749.9375,748.8,750.8,772.5375,770.9,773.6,-0.035416666666666596,-0.95,0.9,43.75,26.0,56.0,3.75,2,6,0.0,0.0,0.0,11.166666666666666,10.0,12.0,-2.942857142857143,-3.7,-2.4,6.675,2.9,15.3,-12.1,-15.3,-10.0,0.0,0.2381852,0.0118147999999999,0
437,2021-10-17,0.221007,0.2766791,0.2361388,0.2073871,2.43937,3.09771,4.3325,6.71,10,48,2.25,-5.5,7.7,745.9499999999999,742.2,749.8,768.4,764.2,772.6,-0.035416666666666596,-0.95,0.9,39.25,19.0,65.0,3.25,2,6,0.0,0.0,0.0,9.166666666666666,5.0,11.0,-5.771428571428571,-5.9,-5.3,5.7125,2.9,8.2,-11.3375,-14.5,-6.7,0.0,0.2361388,0.0138611999999999,0
438,2021-10-18,0.2236459,0.2772303,0.2367888,0.2053666,3.35104,3.71146,4.57333,6.64688,10,48,2.6,-2.8,6.2,744.225,740.3,749.1,766.3375,762.1,771.7,-0.035416666666666596,-0.95,0.9,63.25,49.0,94.0,2.25,1,4,0.0,0.0,0.0,9.142857142857142,9.0,10.0,-0.0399999999999999,-2.8,1.1,8.0,7.8,8.2,-4.0,-8.9,0.6,0.2,0.2367888,0.0132111999999999,0
439,2021-10-19,0.2202874,0.2750879,0.2353082,0.2040029,2.13708,2.80167,3.88,6.04083,10,48,-0.4625000000000001,-7.5,6.3,748.95,747.1,750.7,771.5875,769.6,773.3,-0.035416666666666596,-0.95,0.9,61.5,31.0,91.0,1.5,0,3,0.0,0.0,0.0,6.5,3.0,9.0,-7.65,-7.8,-6.7,7.3375,5.3,7.8,-8.0125,-9.6,-6.2,0.0,0.2353082,0.0146917999999999,0
440,2021-10-20,0.2185329,0.2741109,0.2333447,0.2043769,1.98333,2.45187,3.28208,5.27833,10,48,3.3625000000000003,-2.3,11.0,745.6625,744.5,747.1,767.9375,766.6,769.5,-0.035416666666666596,-0.95,0.9,49.625,28.0,77.0,1.75,0,3,0.0,0.0,0.0,7.166666666666667,5.0,8.0,-4.371428571428571,-7.8,-3.8,9.728571428571428,7.5,11.1,-6.925,-8.3,-5.8,0.0,0.2333447,0.0166553,0
441,2021-10-21,0.2090672,0.2737568,0.225732,0.2113634,1.52625,1.87896,2.31667,3.38646,10,48,3.3375,-4.0,10.8,745.1875,744.4,746.0,767.4125,766.6,768.1,-0.035416666666666596,-0.95,0.9,58.875,28.0,89.0,1.0,0,2,0.0,0.0,0.0,3.6,2.0,4.0,-4.275,-4.4,-3.5,11.2,11.1,11.3,-5.1875,-7.0,-2.5,0.0,0.225732,0.024268,0
442,2021-10-22,0.2098999,0.2739166,0.2254247,0.2107403,1.86542,2.08771,2.3675,3.28542,10,48,4.375,-2.5,12.5,747.875,746.4,748.9,770.0875,768.5,771.0,-0.035416666666666596,-0.95,0.9,56.375,25.0,83.0,1.25,0,4,0.0,0.0,0.0,5.666666666666667,2.0,8.0,-3.35,-4.4,-3.0,12.2125,11.3,13.1,-4.7875,-7.0,-2.6,0.0,0.2254247,0.0245752999999999,0
443,2021-10-23,0.2112515,0.2743444,0.2254467,0.2103973,2.245,2.40646,2.57521,3.29104,10,48,7.425000000000001,-1.3,14.4,748.525,747.6,749.5,770.6,769.3,771.8,-0.035416666666666596,-0.95,0.9,46.5,24.0,79.0,2.125,1,4,0.0,0.0,0.0,6.714285714285714,3.0,9.0,-2.175,-3.0,-1.9,13.75,13.1,14.4,-4.6,-5.9,-3.0,0.0,0.2254467,0.0245532999999999,0
444,2021-10-24,0.2129862,0.2751374,0.2257148,0.2102424,2.83708,2.90333,2.92458,3.38604,10,48,10.675,6.3,15.5,745.85,744.7,747.3,767.5,766.3,768.9,-0.035416666666666596,-0.95,0.9,54.125,35.0,73.0,2.75,2,4,0.0,0.0,0.0,8.285714285714286,7.0,9.0,5.128571428571428,-1.9,6.3,15.428571428571429,14.4,16.2,1.4,-0.6,4.0,0.0,0.2257148,0.0242852,0
445,2021-10-25,0.2135169,0.2755427,0.2259993,0.2103035,3.30583,3.30188,3.25479,3.55833,10,48,11.4,7.8,15.8,742.1,740.6,744.1,763.6,762.0,765.7,-0.035416666666666596,-0.95,0.9,65.875,50.0,76.0,2.625,2,4,0.0,0.0,0.0,8.2,7.0,9.0,6.9,6.3,7.1,16.02857142857143,15.9,16.2,5.075,3.5,6.3,0.0,0.2259993,0.0240007,0
446,2021-10-26,0.2137607,0.2758998,0.2264858,0.2104456,3.73646,3.8025,3.70938,3.78792,10,48,8.471428571428572,2.5,13.2,740.5571428571428,739.6,741.9,762.0571428571428,760.9,763.7,-0.035416666666666596,-0.95,0.9,68.0,44.0,81.0,2.142857142857143,1,3,0.0,0.0,0.0,7.333333333333333,6.0,8.0,6.728571428571429,2.4,9.2,14.842857142857143,13.3,15.9,2.5857142857142854,-2.2,7.1,0.0,0.2264858,0.0235142,0
447,2021-10-27,0.2104219,0.2738065,0.2256259,0.2103232,2.97583,3.22708,3.46521,3.88312,10,48,6.3375,-0.1,15.3,742.475,740.0,744.7,764.4,761.7,766.6,-0.035416666666666596,-0.95,0.9,54.25,22.0,81.0,2.625,0,7,0.0,0.0,0.0,9.714285714285714,4.0,14.0,-0.8875,-1.0,-0.1,14.671428571428573,13.3,15.7,-3.5625,-6.3,-1.7,0.0,0.2256259,0.0243741,0
448,2021-10-28,0.2088504,0.2727465,0.2248522,0.2097194,2.79083,3.01,3.26167,3.78542,10,48,7.475,-1.2,14.7,748.0,746.3,748.9,769.9875,768.2,770.9,-0.035416666666666596,-0.95,0.9,52.125,28.0,89.0,1.375,0,2,0.0,0.0,0.0,6.4,3.0,12.0,-1.5625,-1.7,-1.0,15.325,14.7,15.7,-2.9625,-4.5,-0.5,0.0,0.2248522,0.0251477999999999,0
449,2021-10-29,0.2083131,0.2724043,0.2244376,0.2091259,2.97479,3.11979,3.25396,3.71333,10,48,10.7125,5.9,16.0,745.875,744.4,748.0,767.5375,765.9,769.6,-0.035416666666666596,-0.95,0.9,37.5,22.0,49.0,2.125,1,4,0.0,0.0,0.0,5.428571428571429,4.0,6.0,2.7375,-1.7,4.8,15.528571428571428,14.7,16.2,-3.625,-5.7,-0.9,0.0,0.2244376,0.0255624,0
450,2021-10-30,0.2092425,0.2729888,0.2245463,0.2088938,3.62833,3.62688,3.52188,3.75958,10,48,10.35,5.3,15.4,744.8375,743.8,747.1,766.4375,765.4,768.9,-0.035416666666666596,-0.95,0.9,61.75,50.0,81.0,2.125,1,3,0.0,0.0,0.0,6.571428571428571,4.0,8.0,6.65,4.8,7.6,16.0125,15.7,16.2,3.0375,-0.6,6.9,0.0,0.2245463,0.0254536999999999,0
451,2021-10-31,0.2049734,0.270761,0.2240624,0.2088642,2.59646,3.10875,3.48625,3.89063,10,48,1.7875,0.3,3.7,749.4125,748.0,750.3,771.7,769.9,772.9,-0.035416666666666596,-0.95,0.9,76.5,62.0,91.0,2.5,1,3,0.0,0.0,0.0,6.0,5.0,7.0,1.542857142857143,0.1,3.4,13.1,5.3,15.7,-2.025,-4.8,2.4,0.0,0.2240624,0.0259375999999999,0
452,2021-11-01,0.203804,0.2693276,0.2227676,0.2080276,2.45083,2.75604,3.02229,3.66688,10,48,2.1875,-0.4,5.2,749.475,748.9,750.1,771.9375,771.3,772.6,-0.035416666666666596,-0.95,0.9,70.375,51.0,87.0,1.0,0,2,0.0,0.0,0.0,4.333333333333333,4.0,5.0,0.0142857142857142,-0.5,0.1,4.728571428571429,2.7,5.6,-2.8625,-4.3,-1.5,0.0,0.2227676,0.0272323999999999,0
453,2021-11-02,0.201806,0.2676826,0.2217645,0.2072534,1.85583,2.2225,2.63792,3.47021,10,48,3.8375,-3.0,9.7,745.2875,742.0,748.6,767.5375,763.8,771.1,-0.035416666666666596,-0.95,0.9,73.625,50.0,98.0,1.625,1,2,0.0,0.0,0.0,4.142857142857143,2.0,5.0,-3.0625,-3.2,-2.3,8.0375,5.6,10.0,-0.825,-3.3,1.4,0.0,0.2217645,0.0282354999999999,0
454,2021-11-03,0.2035719,0.2684949,0.22171,0.2066136,2.49187,2.64896,2.78146,3.33542,10,48,7.9375,5.2,11.2,739.3875,738.1,741.0,761.1,759.7,762.7,-0.035416666666666596,-0.95,0.9,70.875,61.0,79.0,2.5,1,4,0.0,0.0,0.0,9.142857142857142,6.0,11.0,2.5285714285714285,-3.2,4.8,11.185714285714283,10.0,12.1,2.9,0.8,5.0,0.0,0.22171,0.02829,0
455,2021-11-04,0.2036732,0.2684582,0.2214941,0.2062896,2.60021,2.71833,2.84458,3.33271,10,48,8.575,5.3,13.7,740.3875,739.6,741.8,762.025,761.2,763.4,-0.035416666666666596,-0.95,0.9,79.75,54.0,92.0,2.125,0,4,0.0,0.0,0.0,5.6,4.0,7.0,5.35,4.3,5.7,13.071428571428571,12.1,13.8,5.075,4.1,6.2,0.0,0.2214941,0.0285058999999999,0
456,2021-11-05,0.2042166,0.2687038,0.2214121,0.2060336,2.89458,2.93792,2.98417,3.37313,10,48,11.9875,8.5,16.6,741.4375,740.2,742.2,762.9375,761.5,763.8,-0.035416666666666596,-0.95,0.9,71.25,52.0,85.0,2.625,1,5,0.0,0.0,0.0,6.833333333333333,4.0,9.0,4.7,4.3,7.5,15.25,13.8,16.7,6.737500000000001,5.9,8.8,0.0,0.2214121,0.0285878999999999,0
457,2021-11-06,0.2010392,0.2671475,0.2210613,0.2060154,1.9775,2.49979,2.96562,3.46542,10,48,-0.4375,-6.2,11.2,749.05,742.8,753.1,771.3125,764.1,776.1,-0.035416666666666596,-0.95,0.9,86.125,75.0,99.0,4.125,3,6,0.0,0.0,0.0,10.666666666666666,10.0,11.0,-0.8625000000000003,-6.4,8.1,16.2,13.7,16.7,-2.475,-8.3,10.0,2.2,0.2210613,0.0289387,0
458,2021-11-07,0.1984251,0.264806,0.219353,0.2050728,1.12813,1.59688,2.18187,3.17542,10,48,-5.5875,-6.5,-5.0,748.825,742.2,753.4,771.85,765.0,776.5,-0.035416666666666596,-0.95,0.9,82.625,63.0,94.0,3.0,2,4,0.0,0.0,0.0,9.0,7.0,11.0,-6.6,-6.6,-6.6,-4.5,-4.6,-4.3,-8.25,-11.2,-5.9,19.1,0.219353,0.030647,0
459,2021-11-08,0.2190748,0.280863,0.2279153,0.2070195,1.03187,1.35729,1.84708,2.85604,10,48,-2.2375,-4.3,0.8,731.3,727.9,739.0,753.6,750.0,761.8,-0.035416666666666596,-0.95,0.9,92.625,81.0,99.0,3.625,0,6,0.0,0.0,0.0,11.333333333333334,10.0,12.0,-5.825,-6.5,-5.2,-0.1,-4.2,1.5,-3.2875,-7.1,0.7,33.2,0.2279153,0.0220847,0
460,2021-11-09,0.2664644,0.3112052,0.244943,0.2167273,1.03917,1.30083,1.68833,2.61792,10,48,-4.875,-6.4,-3.8,729.95,727.2,732.4,752.325,749.5,754.9,-0.035416666666666596,-0.95,0.9,94.125,91.0,96.0,3.0,2,4,0.0,0.0,0.0,9.5,8.0,11.0,-5.2625,-6.4,-4.6,-2.375,-3.7,1.5,-5.6875,-7.1,-4.7,10.7,0.244943,0.01,0
461,2021-11-10,0.2647251,0.3084598,0.2430596,0.2157161,1.04854,1.31354,1.64854,2.4925,10,48,-4.5125,-6.7,-3.4,731.9250000000001,730.9,733.2,754.4,753.4,755.6,-0.035416666666666596,-0.95,0.9,94.5,88.0,98.0,2.375,2,3,0.0,0.0,0.0,6.25,5.0,7.0,-6.871428571428572,-6.9,-6.7,-3.65,-3.9,-3.4,-5.2625,-7.4,-3.8,7.1,0.2430596,0.01,0
462,2021-11-11,0.2658998,0.3083141,0.2413144,0.2146175,1.03667,1.28583,1.59625,2.39917,10,48,-2.775,-6.2,-0.2,735.3375,733.6,736.9,757.75,756.1,759.4,-0.035416666666666596,-0.95,0.9,82.75,61.0,97.0,3.0,2,5,0.0,0.0,0.0,7.25,7.0,8.0,-4.65,-6.1,-3.9,-0.8142857142857142,-2.9,0.6,-5.4625,-8.6,-2.2,5.6,0.2413144,0.01,0
463,2021-11-12,0.2637577,0.3070815,0.2407471,0.2139061,0.82833,1.1225,1.47896,2.30854,10,48,-4.025,-8.0,-0.7,738.1875,737.4,738.9,760.85,759.9,761.7,-0.035416666666666596,-0.95,0.9,68.5,57.0,82.0,3.0,1,4,0.0,0.0,0.0,8.5,7.0,10.0,-8.36,-9.0,-6.8,-0.14,-1.3,0.6,-9.0875,-11.0,-7.1,0.0,0.2407471,0.01,0
464,2021-11-13,0.259731,0.3040797,0.2390331,0.2132252,0.74479,1.01312,1.34146,2.18104,10,48,1.2,-1.0,3.9,737.0125,735.9,738.7,759.2125,757.9,760.9,-0.035416666666666596,-0.95,0.9,69.875,63.0,78.0,3.875,3,5,0.0,0.0,0.0,11.5,10.0,13.0,-2.22,-3.9,-1.0,2.9875000000000003,0.7,4.4,-3.775,-5.7,-2.1,0.1,0.2390331,0.0109668999999999,0
465,2021-11-14,0.2567104,0.301995,0.2375464,0.2125537,0.65521,0.94229,1.26917,2.08312,10,48,-0.5999999999999999,-4.6,3.0,741.1125,739.0,744.1,763.45,761.2,766.6,-0.035416666666666596,-0.95,0.9,75.125,64.0,91.0,2.25,1,3,0.0,0.0,0.0,7.666666666666667,7.0,9.0,-3.3,-4.7,-1.6,3.825,3.1,4.4,-4.5875,-6.1,-2.5,0.1,0.2375464,0.0124536,0
466,2021-11-15,0.2493006,0.2985752,0.2360764,0.2117344,0.46583,0.77417,1.12292,1.98333,10,48,-2.675,-7.5,2.5,746.1125,745.3,746.7,768.7875,767.9,769.4,-0.035416666666666596,-0.95,0.9,80.5,56.0,98.0,1.625,1,2,0.0,0.0,0.0,4.666666666666667,3.0,5.0,-7.949999999999999,-8.2,-6.6,2.8625,2.5,3.1,-5.875,-7.9,-3.8,0.0,0.2360764,0.0139236,0
467,2021-11-16,0.2419547,0.2950176,0.2346285,0.2110493,0.37292,0.6725,1.00729,1.86937,10,48,-0.225,-3.4,2.4,746.025,745.5,746.5,768.5875,767.9,769.1,-0.035416666666666596,-0.95,0.9,62.125,50.0,74.0,3.125,2,5,0.0,0.0,0.0,7.333333333333333,6.0,10.0,-5.859999999999999,-8.2,-4.3,2.5,2.5,2.5,-6.7625,-9.3,-5.4,0.0,0.2346285,0.0153715,0
468,2021-11-17,0.2449194,0.2963714,0.2336053,0.2101714,0.33188,0.60146,0.92646,1.77333,10,48,3.7375,-0.1,6.5,740.0,737.2,745.0,762.125,759.0,767.3,-0.035416666666666596,-0.95,0.9,76.625,59.0,93.0,3.75,1,6,0.0,0.0,0.0,10.8,6.0,13.0,-1.2,-3.7,-0.7,5.242857142857143,2.5,6.5,-0.1,-4.8,3.5,0.0,0.2336053,0.0163947,0
469,2021-11-18,0.2715714,0.3109112,0.2375747,0.2101447,0.41333,0.65083,0.90958,1.69708,10,48,1.975,-0.5,3.9,737.125,736.2,739.3,759.1125,758.2,761.5,-0.035416666666666596,-0.95,0.9,72.125,54.0,92.0,3.5,1,5,0.0,0.0,0.0,10.166666666666666,8.0,13.0,0.8250000000000001,-0.5,1.6,6.0125,4.5,6.5,-2.7375,-8.0,2.2,0.0,0.2375747,0.0124252999999999,0
470,2021-11-19,0.2591138,0.3061547,0.2386473,0.2106865,0.35729,0.61187,0.895,1.65146,10,48,-2.45,-4.4,0.5,744.4,740.9,746.1,766.9875,763.2,768.9,-0.035416666666666596,-0.95,0.9,58.125,43.0,68.0,2.125,1,3,0.0,0.0,0.0,6.166666666666667,5.0,7.0,-4.9125000000000005,-5.4,-2.7,3.0,0.7,4.0,-9.75,-10.9,-7.9,0.0,0.2386473,0.0113526999999999,0
471,2021-11-20,0.2323357,0.2984058,0.2367659,0.2108885,0.22938,0.50146,0.80938,1.58396,10,48,-3.625,-7.0,-0.1,746.4125,744.7,747.9,769.175,767.5,770.8,-0.035416666666666596,-0.95,0.9,74.25,50.0,92.0,1.875,1,3,0.0,0.0,0.0,5.0,5.0,5.0,-7.325,-7.7,-5.4,0.6,0.5,0.7,-7.8,-9.3,-5.9,0.0,0.2367659,0.0132340999999999,0
472,2021-11-21,0.1704887,0.2783865,0.2347717,0.2107451,-0.01771,0.33979,0.68292,1.50083,10,48,-5.5125,-7.3,-3.1,741.7,737.8,747.0,764.4875,760.6,769.8,-0.035416666666666596,-0.95,0.9,81.0,73.0,91.0,2.5,1,4,0.0,0.0,0.0,5.5,5.0,6.0,-7.15,-7.7,-6.9,-1.3166666666666669,-3.1,0.5,-8.3,-9.6,-6.7,0.6,0.2347717,0.0152282999999999,0
473,2021-11-22,0.1522601,0.253437,0.2325183,0.2101454,-0.22958,0.21771,0.56104,1.39688,10,48,-9.0375,-10.5,-7.7,738.3,737.7,738.8,761.25,760.5,761.9,-0.035416666666666596,-0.95,0.9,82.75,68.0,92.0,4.5,3,6,0.0,0.0,0.0,9.0,7.0,13.0,-9.625,-10.5,-8.4,-4.42,-7.3,-3.1,-11.525,-15.3,-9.5,10.1,0.2325183,0.0174816999999999,0
474,2021-11-23,0.1356344,0.2028917,0.2290925,0.2094851,-0.69833,-0.02896,0.43354,1.28813,10,48,-11.125,-14.1,-8.5,737.0375,736.4,738.1,760.2125,759.6,761.2,-0.035416666666666596,-0.95,0.9,65.375,57.0,75.0,4.75,3,6,0.0,0.0,0.0,10.75,9.0,12.0,-14.085714285714284,-14.2,-13.4,-7.871428571428572,-8.1,-7.7,-16.4125,-17.6,-15.0,0.0,0.2290925,0.0209074999999999,0
475,2021-11-24,0.1283727,0.1795025,0.2200143,0.2083063,-1.07854,-0.35188,0.29667,1.17854,10,48,-10.671428571428573,-13.3,-7.7,738.0,737.1,738.9,761.1714285714286,760.2,762.1,-0.035416666666666596,-0.95,0.9,56.71428571428572,44.0,66.0,3.142857142857143,3,4,0.0,0.0,0.0,8.666666666666666,7.0,11.0,-14.133333333333333,-14.2,-14.1,-7.857142857142857,-8.1,-7.5,-17.742857142857144,-18.6,-16.1,0.0,0.2200143,0.0299856999999999,0
476,2021-11-25,0.1223648,0.1683061,0.1905026,0.206654,-1.47146,-0.73646,0.13667,1.0575,10,48,-10.725,-13.6,-7.9,742.1375,739.3,745.1,765.4375,762.5,768.4,-0.035416666666666596,-0.95,0.9,64.5,55.0,75.0,2.5,2,4,0.0,0.0,0.0,7.0,6.0,8.0,-13.875,-14.1,-13.8,-7.5,-7.5,-7.5,-16.2125,-17.4,-15.4,0.0,0.1905026,0.0594974,1
477,2021-11-26,0.1217934,0.1654503,0.1576529,0.2044785,-1.40667,-0.84604,-0.06229,0.94292,10,48,-7.8875,-11.6,-3.3,749.6125,746.2,752.7,772.95,769.5,776.0,-0.035416666666666596,-0.95,0.9,65.25,51.0,79.0,1.5,1,2,0.0,0.0,0.0,4.857142857142857,4.0,7.0,-12.875,-13.8,-12.5,-5.0,-7.5,-3.1,-13.45,-16.2,-11.5,0.0,0.1576529,0.0923470999999999,1
478,2021-11-27,0.1188763,0.1614853,0.1452117,0.2020908,-1.64396,-1.0975,-0.27271,0.83417,10,48,-3.675,-8.3,-0.3,751.9625,750.0,753.4,775.075,772.7,776.8,-0.035416666666666596,-0.95,0.9,60.625,47.0,74.0,2.75,2,4,0.0,0.0,0.0,5.714285714285714,4.0,7.0,-10.985714285714286,-11.5,-10.9,-1.4625,-3.1,0.0,-10.4125,-12.4,-6.2,0.0,0.1452117,0.1047882999999999,1
479,2021-11-28,0.1284379,0.1662244,0.1439958,0.1991814,-0.77333,-0.61271,-0.24667,0.74354,10,48,3.3375,-0.6,6.2,746.6125,744.7,749.2,769.0,766.9,771.8,-0.035416666666666596,-0.95,0.9,75.625,70.0,83.0,4.375,2,7,0.0,0.0,0.0,9.571428571428571,7.0,13.0,-1.875,-2.1,-1.8,3.6125,0.0,6.3,-0.575,-5.0,2.6,0.0,0.1439958,0.1060041999999999,1
480,2021-11-29,0.1481555,0.1796297,0.1492409,0.1969165,-0.12125,-0.08458,-0.04167,0.69542,10,48,-3.1,-5.0,2.8,747.75,745.9,749.5,770.35,768.1,772.0,-0.035416666666666596,-0.95,0.9,78.625,65.0,93.0,2.625,1,4,0.0,0.0,0.0,10.4,6.0,16.0,-3.9,-5.1,-0.9,6.3,6.3,6.3,-6.35,-8.6,1.8,0.0,0.1492409,0.1007590999999999,1
481,2021-11-30,0.128921,0.1704207,0.1482989,0.1966673,-1.02562,-0.54542,-0.10479,0.68208,10,48,-7.15,-11.5,-5.3,742.35,740.6,744.4,765.2625,763.4,767.3,-0.035416666666666596,-0.95,0.9,84.875,72.0,92.0,2.75,2,4,0.0,0.0,0.0,6.714285714285714,4.0,9.0,-7.45,-11.6,-5.8,-3.7,-4.8,-2.3,-9.325,-12.8,-6.9,1.8,0.1482989,0.1017010999999999,1
482,2021-12-01,0.1128179,0.1562507,0.1389269,0.1956382,-2.35104,-1.58229,-0.56354,0.62937,10,48,-9.425,-12.3,-7.4,743.275,740.2,744.8,766.525,763.3,768.1,-0.035416666666666596,-0.95,0.9,72.5,62.0,87.0,3.25,2,5,0.0,0.0,0.0,7.428571428571429,5.0,9.0,-12.471428571428572,-12.5,-12.3,-5.871428571428572,-7.1,-4.8,-13.5875,-14.2,-12.9,0.0,0.1389269,0.1110731,1
483,2021-12-02,0.1131329,0.1546901,0.1341842,0.1926154,-2.04667,-1.605,-0.85479,0.52271,10,48,-3.4125,-6.5,0.2,733.75,730.5,738.0,756.2625,752.9,760.6,-0.035416666666666596,-0.95,0.9,62.5,57.0,75.0,5.375,3,8,0.0,0.0,0.0,15.142857142857142,13.0,16.0,-9.8625,-12.5,-7.5,-1.775,-6.3,0.3,-9.675,-12.4,-7.5,0.0,0.1341842,0.1158157999999999,1
484,2021-12-03,0.1098446,0.1528133,0.1328463,0.1884561,-2.48625,-1.84938,-1.00104,0.41125,10,48,-8.15,-12.0,-4.9,741.5,740.2,743.8,764.4875,763.0,766.9,-0.035416666666666596,-0.95,0.9,70.5,51.0,85.0,2.5,1,6,0.0,0.0,0.0,9.714285714285714,9.0,11.0,-12.1125,-12.5,-9.8,-0.9375,-4.2,0.3,-12.7625,-14.1,-9.7,0.0,0.1328463,0.1171536999999999,1
485,2021-12-04,0.1028007,0.1457786,0.127736,0.180761,-3.29917,-2.63313,-1.59375,0.28979,10,48,-7.875,-14.3,-4.3,747.2625,745.5,748.9,770.55,768.6,772.2,-0.035416666666666596,-0.95,0.9,59.5,42.0,87.0,2.125,0,4,0.0,0.0,0.0,6.666666666666667,4.0,10.0,-14.457142857142856,-14.8,-12.5,-4.4125,-5.4,-4.0,-14.9375,-16.1,-13.5,0.0,0.127736,0.122264,1
486,2021-12-05,0.1134951,0.1519381,0.1288157,0.156279,-1.73375,-1.63146,-1.29271,0.12104,10,48,1.8625,-4.2,5.9,742.75,741.1,745.4,765.2125,763.3,768.3,-0.035416666666666596,-0.95,0.9,66.75,50.0,78.0,3.875,2,7,0.0,0.0,0.0,11.666666666666666,6.0,17.0,-7.0200000000000005,-11.7,-4.7,2.6,-3.8,6.1,-3.8,-13.3,0.2,0.0,0.1288157,0.1211842999999999,1
487,2021-12-06,0.1225909,0.1610581,0.1341585,0.1472618,-0.98646,-0.74917,-0.61188,0.07938,10,48,-1.4625,-5.5,2.1,748.25,742.6,751.8,770.7875,764.7,774.7,-0.035416666666666596,-0.95,0.9,69.5,47.0,87.0,2.625,1,5,0.0,0.0,0.0,9.8,8.0,12.0,-3.6,-5.5,-2.9,5.5625,3.7,6.1,-6.6125,-9.0,0.2,0.0,0.1341585,0.1158414999999999,1
488,2021-12-07,0.1120824,0.1531038,0.1312997,0.1455129,-2.00708,-1.59937,-1.04208,0.05479,10,48,-1.025,-4.6,3.1,751.5500000000001,750.7,752.2,774.3875,773.5,775.0,-0.035416666666666596,-0.95,0.9,52.25,36.0,71.0,2.5,1,4,0.0,0.0,0.0,7.428571428571429,5.0,9.0,-5.8,-5.8,-5.8,2.814285714285714,2.1,3.4,-9.9375,-10.5,-9.2,0.2,0.1312997,0.1187003,1
489,2021-12-08,0.1118001,0.1522321,0.1301357,0.1394631,-1.99833,-1.68375,-1.20354,-0.01687,10,48,1.2625,-2.7,5.8,750.075,748.5,751.5,772.65,770.8,774.1,-0.035416666666666596,-0.95,0.9,50.125,45.0,57.0,2.375,2,4,0.0,0.0,0.0,5.428571428571429,4.0,7.0,-3.6875,-5.1,-3.3,4.7,3.4,6.0,-8.125,-10.4,-5.2,0.1,0.1301357,0.1198643,1
490,2021-12-09,0.1225445,0.158236,0.1320345,0.1365165,-1.04271,-1.02458,-0.88187,-0.05958,10,48,3.85,1.4,6.3,746.45,745.0,747.8,768.6875,767.2,770.1,-0.035416666666666596,-0.95,0.9,64.75,50.0,71.0,2.375,2,4,0.0,0.0,0.0,7.666666666666667,5.0,9.0,0.45,-3.3,1.2,6.4,6.0,6.7,-2.2375,-7.9,0.6,0.2,0.1320345,0.1179654999999999,1
491,2021-12-10,0.148177,0.1727256,0.1390361,0.1378434,-0.1275,-0.18979,-0.31542,0.0,10,48,-0.5749999999999998,-6.1,3.1,746.6875,743.8,750.0,769.1,766.0,772.9,-0.035416666666666596,-0.95,0.9,90.875,86.0,95.0,2.625,1,5,0.0,0.0,0.0,8.833333333333334,8.0,9.0,-0.9875,-6.2,1.6,5.9625,4.5,6.7,-1.8875,-6.8,2.1,0.4,0.1390361,0.1109638999999999,1
492,2021-12-11,0.1293096,0.1634269,0.1383107,0.1400626,-1.10646,-0.76958,-0.45854,0.04146,10,48,-4.225,-7.5,-0.2,746.8875,744.6,749.5,769.775,767.4,772.4,-0.035416666666666596,-0.95,0.9,84.125,65.0,97.0,3.0,0,6,0.0,0.0,0.0,5.833333333333333,3.0,10.0,-7.6875,-7.7,-7.6,1.1625,0.0,3.3,-6.65,-11.5,-3.2,0.0,0.1383107,0.1116892999999999,1
493,2021-12-12,0.112376,0.1502006,0.1321048,0.1385425,-3.00021,-2.17812,-1.19437,-0.00708,10,48,-9.65,-11.3,-8.0,748.625,748.1,749.2,771.8875,771.2,772.7,-0.035416666666666596,-0.95,0.9,57.75,41.0,70.0,4.25,3,6,0.0,0.0,0.0,11.4,11.0,12.0,-10.714285714285714,-11.3,-8.5,-2.12,-6.5,0.0,-16.65,-19.0,-14.9,0.0,0.1321048,0.1178951999999999,1
494,2021-12-13,0.1048084,0.1411753,0.1247687,0.1305286,-3.8775,-3.275,-2.26521,-0.26229,10,48,-6.3,-12.2,-1.6,743.5,739.6,748.3,766.6375,762.3,771.8,-0.035416666666666596,-0.95,0.9,49.5,30.0,64.0,3.625,2,6,0.0,0.0,0.0,10.428571428571429,7.0,13.0,-12.72857142857143,-12.8,-12.3,-4.1,-7.5,-1.4,-15.7,-17.6,-9.0,0.0,0.1247687,0.1252313,1
495,2021-12-14,0.1085969,0.1439379,0.1252917,0.1254023,-3.10792,-2.7,-2.07188,-0.49958,10,48,-3.375,-9.6,1.2,738.3625,736.6,741.0,760.8625,758.9,763.7,-0.035416666666666596,-0.95,0.9,68.75,47.0,86.0,2.875,1,6,0.0,0.0,0.0,11.666666666666666,9.0,13.0,-5.98,-9.6,-4.2,0.3750000000000001,-1.4,1.6,-8.6125,-11.5,-6.1,0.0,0.1252917,0.1247082999999999,1
496,2021-12-15,0.1056811,0.1417632,0.1242131,0.1231139,-3.62958,-3.11583,-2.325,-0.65792,10,48,-7.2875,-12.8,-1.8,742.5,742.0,743.7,765.5125,764.9,766.8,-0.035416666666666596,-0.95,0.9,73.25,48.0,93.0,1.375,0,3,0.0,0.0,0.0,4.2,3.0,7.0,-13.175,-13.4,-12.2,0.3142857142857144,-1.4,1.6,-11.625,-14.1,-10.3,0.0,0.1242131,0.1257868999999999,1
497,2021-12-16,0.1056718,0.1420817,0.1241095,0.1213123,-3.58938,-3.04813,-2.31062,-0.79563,10,48,-11.625,-16.9,-7.2,744.65,741.1,747.6,767.9,764.0,771.2,-0.035416666666666596,-0.95,0.9,83.75,78.0,89.0,2.375,0,5,0.0,0.0,0.0,7.333333333333333,5.0,9.0,-13.175,-16.9,-10.2,-2.925,-6.6,-1.4,-13.8375,-18.7,-9.5,3.4,0.1241095,0.1258905,1
498,2021-12-17,0.1004435,0.1371881,0.1211672,0.1186491,-4.74583,-4.07854,-3.03729,-1.06625,10,48,-17.4375,-19.5,-16.1,746.2375,744.7,747.3,770.2625,768.7,771.5,-0.035416666666666596,-0.95,0.9,64.625,49.0,84.0,3.75,2,5,0.0,0.0,0.0,7.166666666666667,6.0,9.0,-19.385714285714283,-19.8,-17.2,-11.666666666666666,-16.0,-7.2,-22.7625,-25.0,-19.6,0.0,0.1211672,0.1288328,1
499,2021-12-18,0.0994176,0.13551,0.1191793,0.1154144,-4.92458,-4.35438,-3.43125,-1.42187,10,48,-12.5125,-15.3,-7.8,741.3,739.3,744.7,764.9125,762.7,768.6,-0.035416666666666596,-0.95,0.9,60.625,44.0,73.0,2.75,2,4,0.0,0.0,0.0,7.714285714285714,6.0,9.0,-18.1375,-19.8,-16.2,-10.7625,-15.1,-7.6,-18.7125,-21.9,-15.0,0.0,0.1191793,0.1308206999999999,1
500,2021-12-19,0.0998075,0.1354498,0.1185916,0.1134973,-4.76583,-4.30229,-3.52083,-1.66229,10,48,-9.175,-14.3,-5.7,738.1,736.4,740.5,761.2375,759.2,763.8,-0.035416666666666596,-0.95,0.9,58.0,51.0,68.0,3.125,2,5,0.0,0.0,0.0,7.857142857142857,7.0,9.0,-14.985714285714286,-15.4,-14.9,-6.0,-7.6,-4.8,-16.0375,-19.1,-13.8,0.0,0.1185916,0.1314083999999999,1
501,2021-12-20,0.1031266,0.1380455,0.1195503,0.1130401,-3.89583,-3.63833,-3.16563,-1.70271,10,48,-3.2375,-5.8,-0.1,734.5,733.0,737.8,757.0125,755.5,760.3,-0.035416666666666596,-0.95,0.9,59.375,48.0,72.0,4.125,2,6,0.0,0.0,0.0,10.5,9.0,11.0,-8.828571428571427,-13.9,-7.0,-1.6125,-4.8,0.0,-10.1375,-13.2,-8.3,0.0,0.1195503,0.1304497,1
502,2021-12-21,0.1019456,0.1379408,0.1201817,0.1133756,-4.26479,-3.70875,-2.98479,-1.60104,10,48,-13.325,-17.4,-7.5,745.6,740.2,749.2,768.975,762.8,773.1,-0.035416666666666596,-0.95,0.9,48.375,32.0,61.0,2.5,1,4,0.0,0.0,0.0,8.0,7.0,9.0,-13.5875,-18.6,-7.6,-0.75,-4.5,0.0,-22.2375,-26.5,-15.7,0.0,0.1201817,0.1298183,1
503,2021-12-22,0.0974797,0.1341142,0.1176062,0.1088372,-6.90188,-5.98438,-4.48854,-2.36396,10,48,-15.875,-19.7,-12.7,750.275,749.5,750.6,774.35,773.6,774.7,-0.035416666666666596,-0.95,0.9,51.0,37.0,69.0,1.375,0,2,0.0,0.0,0.0,4.6,4.0,5.0,-20.133333333333333,-20.2,-19.8,-11.166666666666666,-12.3,-7.6,-23.9375,-24.4,-23.3,0.0,0.1176062,0.1323938,1
504,2021-12-23,0.0965926,0.1340819,0.1163891,0.1033371,-9.36542,-8.27229,-6.00417,-3.56896,10,48,-17.6,-20.7,-12.7,751.325,750.1,754.0,775.5125,774.1,778.3,-0.035416666666666596,-0.95,0.9,64.625,44.0,78.0,2.0,1,4,0.0,0.0,0.0,5.166666666666667,3.0,7.0,-20.2,-20.7,-19.7,-12.15,-12.3,-12.0,-22.8875,-26.1,-21.0,0.0,0.1163891,0.1336109,1
505,2021-12-24,0.0933891,0.1302972,0.1136894,0.1008494,-10.87687,-9.56687,-6.99375,-4.35583,10,48,-22.9,-25.0,-20.8,756.0,755.4,756.5,780.7875,779.8,781.3,-0.035416666666666596,-0.95,0.9,55.625,40.0,69.0,2.375,1,4,0.0,0.0,0.0,6.857142857142857,6.0,7.0,-24.425,-25.0,-22.0,-16.380000000000003,-20.7,-12.0,-29.5375,-31.3,-27.3,0.4,0.1136894,0.1363106,1
506,2021-12-25,0.0906025,0.126857,0.1110524,0.0978925,-12.08542,-10.80708,-8.09479,-5.29313,10,48,-23.05,-26.3,-20.1,755.8375,754.8,756.4,780.8,779.5,781.4,-0.035416666666666596,-0.95,0.9,56.375,46.0,66.0,2.75,2,5,0.0,0.0,0.0,7.285714285714286,4.0,9.0,-26.457142857142856,-26.5,-26.3,-20.25,-20.7,-19.8,-29.4625,-30.9,-28.3,0.2,0.1110524,0.1389476,1
507,2021-12-26,0.0908858,0.1261562,0.1098032,0.0956181,-11.88729,-10.7725,-8.31542,-5.87979,10,48,-18.075,-21.3,-14.6,751.0,748.0,754.0,775.4,772.1,778.6,-0.035416666666666596,-0.95,0.9,55.375,47.0,60.0,3.375,2,4,0.0,0.0,0.0,7.857142857142857,7.0,8.0,-22.3,-22.3,-22.3,-16.7,-19.8,-14.4,-24.9125,-28.2,-22.7,0.0,0.1098032,0.1401968,1
508,2021-12-27,0.0916657,0.1270687,0.1100265,0.0950225,-10.94896,-10.08333,-8.07812,-6.02167,10,48,-15.3375,-19.0,-12.3,748.3125,746.2,750.2,772.2625,770.1,774.2,-0.035416666666666596,-0.95,0.9,63.125,47.0,73.0,2.5,0,4,0.0,0.0,0.0,7.166666666666667,7.0,8.0,-18.766666666666666,-21.3,-17.5,-12.5375,-14.4,-11.2,-20.8875,-22.6,-19.3,0.0,0.1100265,0.1399735,1
509,2021-12-28,0.0932135,0.1281971,0.1103694,0.0947572,-10.47896,-9.77646,-7.85187,-6.09313,10,48,-11.1625,-16.1,-3.6,743.1,740.2,747.8,766.65,763.4,771.6,-0.035416666666666596,-0.95,0.9,58.625,42.0,76.0,2.875,1,6,0.0,0.0,0.0,7.833333333333333,5.0,12.0,-19.55,-19.8,-17.8,-7.012499999999999,-11.2,-3.5,-17.9375,-21.6,-14.4,0.0,0.1103694,0.1396306,1
510,2021-12-29,0.0936211,0.1290778,0.1116835,0.0951375,-9.87854,-9.01542,-7.18771,-5.69583,10,48,-15.6125,-18.6,-13.6,744.825,742.9,745.8,768.525,766.0,769.7,-0.035416666666666596,-0.95,0.9,64.75,50.0,79.0,1.875,0,3,0.0,0.0,0.0,6.5,6.0,9.0,-17.950000000000003,-18.6,-15.9,-6.916666666666667,-13.3,-3.5,-20.9125,-23.2,-16.9,0.0,0.1116835,0.1383165,1
511,2021-12-30,0.092572,0.1282189,0.1108038,0.0952564,-10.33604,-9.49021,-7.49437,-5.9625,10,48,-17.650000000000002,-21.8,-13.6,746.85,743.2,750.1,770.8875,766.9,774.6,-0.035416666666666596,-0.95,0.9,56.5,38.0,75.0,3.0,0,6,0.0,0.0,0.0,9.5,6.0,12.0,-19.071428571428573,-21.8,-18.3,-13.3,-13.3,-13.3,-24.475,-27.7,-19.1,0.0,0.1108038,0.1391962,1
512,2021-12-31,0.0897607,0.1249855,0.1090346,0.0943086,-11.52708,-10.40333,-8.34708,-6.28688,10,48,-17.9125,-20.8,-14.2,751.5125,750.0,752.5,775.85,774.2,776.9,-0.035416666666666596,-0.95,0.9,50.5,33.0,64.0,2.125,0,4,0.0,0.0,0.0,7.857142857142857,7.0,10.0,-22.925,-23.1,-21.7,-14.3625,-15.3,-13.3,-25.9875,-27.1,-25.1,0.0,0.1090346,0.1409654,1
